language,chunk_size,speaker,wer,cer,comet-score,stt_time,tt_time,tts_time,total_time
en,3000,speaker_1,0.18143459915611815,0.11059907834101383,0.6462433934211731,"[638.95, 629.3, 585.22, 663.36, 659.98, 538.74, 499.17, 495.76, 504.18, 506.77, 495.98, 501.0, 489.3, 496.32, 483.02, 639.7, 470.88, 519.85, 497.46, 570.98, 563.85, 506.08, 503.72, 428.64, 513.72, 519.57, 529.13, 637.75, 526.71, 541.03, 537.58, 530.01, 552.03, 585.99]","[770.81, 1331.01, 1065.7, 1177.26, 1423.59, 1118.34, 926.1, 757.54, 847.14, 825.19, 804.63, 699.3, 804.6, 677.32, 1094.66, 1109.09, 885.44, 810.08, 852.16, 914.81, 1135.47, 1042.11, 953.72, 809.4, 715.21, 776.96, 945.92, 1211.91, 1165.29, 963.3, 990.63, 978.25, 949.64, 1314.24]","[19503.35, 8506.92, 2982.81, 6891.27, 4187.45, 4209.43, 2882.89, 2933.1, 3119.82, 2567.82, 2256.58, 2463.16, 2437.2, 1655.21, 2804.06, 3499.21, 2772.32, 2533.82, 2888.77, 4307.41, 3744.69, 2623.66, 3235.19, 2854.12, 3522.2, 2679.95, 3431.84, 5255.22, 2560.47, 4163.22, 3858.36, 4145.0, 3182.71, 3612.9]","[27317.51, 32159.37, 32073.88, 35904.86, 36823.81, 37570.9, 37191.06, 36661.42, 35709.1, 34607.31, 33593.66, 32797.93, 32187.89, 30386.09, 30137.48, 29558.38, 29283.2, 27962.77, 26976.32, 28037.72, 27718.63, 27289.68, 27279.52, 27073.75, 26509.66, 25735.42, 26118.17, 28317.87, 27623.7, 28728.39, 29534.47, 30616.6, 30744.04, 30485.09]"
en,3000,speaker_2,0.13448275862068965,0.10506085842408712,0.7902495861053467,"[569.82, 527.66, 492.73, 543.86, 533.52, 543.21, 536.09, 580.41, 490.92, 487.19, 538.43, 474.26, 469.37, 480.68, 499.92, 481.19, 494.12, 680.55, 484.95, 534.97, 488.47, 478.82, 491.21, 517.46, 510.29, 536.27, 495.12, 582.36, 432.9, 506.9, 579.07, 505.84, 515.28, 517.38, 524.44, 494.9, 498.74, 967.99]","[431.59, 803.65, 926.18, 922.3, 954.86, 923.66, 736.52, 865.07, 908.8, 810.66, 950.07, 992.57, 925.5, 908.35, 868.21, 869.91, 898.9, 987.95, 890.99, 801.87, 831.62, 752.3, 809.39, 942.48, 1108.54, 1172.52, 1059.19, 1174.26, 1002.69, 892.4, 1170.08, 1177.23, 1111.93, 825.8, 803.12, 773.84, 966.09, 676.11]","[4651.49, 6210.82, 5450.65, 2899.48, 3043.65, 2799.63, 2627.34, 4966.44, 2645.96, 2605.08, 3752.09, 3451.25, 3167.33, 3138.92, 3392.86, 3497.25, 3129.9, 4292.12, 3294.99, 3490.88, 2964.19, 3291.52, 3748.98, 3854.54, 3951.42, 3178.82, 2986.9, 4506.45, 2768.47, 3770.55, 3713.98, 2873.45, 3115.37, 2359.15, 2843.6, 2282.0, 2620.54, 2494.46]","[10065.51, 13214.37, 15399.93, 15235.18, 15214.66, 14330.68, 13698.24, 15408.85, 13984.58, 13337.56, 14050.2, 14461.47, 14381.26, 14476.06, 14620.4, 14856.51, 14738.06, 15978.66, 16228.99, 16672.45, 15765.38, 16010.2, 15907.7, 16712.66, 17611.72, 17739.59, 17670.51, 18718.91, 18239.78, 17947.9, 18600.61, 18029.04, 18101.75, 17202.64, 16797.7, 15817.84, 14775.7, 16662.02]"
en,3000,speaker_3,0.18210862619808307,0.12266500622665007,0.6742944121360779,"[531.35, 478.11, 454.33, 532.8, 486.24, 475.44, 481.24, 508.5, 487.87, 504.71, 527.4, 539.07, 550.5, 482.39, 644.63, 1193.74, 526.92, 491.35, 495.02, 606.7, 477.66, 549.49, 573.01, 634.96, 572.37, 523.48, 561.41, 476.92, 556.44, 502.89, 708.51, 492.72, 519.34, 484.7, 524.66, 602.72, 535.51]","[654.73, 816.95, 710.56, 1065.77, 1154.63, 950.46, 846.54, 812.28, 971.84, 947.3, 833.89, 1007.55, 1101.73, 955.76, 892.94, 921.35, 1035.07, 929.61, 904.15, 977.67, 970.22, 754.14, 1105.21, 1250.89, 923.29, 981.29, 1054.58, 882.31, 850.02, 895.8, 896.29, 949.11, 771.15, 813.93, 971.15, 1220.69, 1171.68]","[6668.78, 2018.18, 2090.17, 5009.15, 2487.47, 2792.63, 2199.85, 3230.83, 7124.25, 2957.03, 3383.33, 4301.06, 4473.28, 2998.21, 2523.4, 2519.73, 3278.01, 2395.5, 3283.34, 3407.23, 2736.85, 3596.73, 5613.8, 5113.31, 3809.06, 3262.63, 4304.84, 1921.1, 4100.42, 2715.34, 4369.54, 2262.08, 3165.95, 2722.63, 2867.99, 3677.59, 1972.97]","[14445.03, 12983.84, 12014.18, 13548.88, 12767.71, 12300.98, 10852.23, 11017.67, 15100.71, 14801.54, 15129.01, 16176.66, 17598.13, 17529.41, 16396.45, 15855.98, 15250.97, 14595.3, 14834.04, 14560.44, 14244.11, 14170.08, 16303.38, 17496.9, 18203.63, 17539.28, 18770.93, 17367.51, 18355.07, 17992.24, 18191.91, 17358.41, 17406.97, 17054.67, 16823.97, 16584.21, 15876.27]"
en,3000,speaker_4,0.19939577039274925,0.13153549807374793,0.7012036442756653,"[502.36, 572.12, 499.81, 487.0, 489.63, 539.9, 564.34, 584.61, 525.29, 495.05, 503.26, 529.85, 587.2, 540.37, 504.63, 487.6, 480.06, 486.05, 522.77, 563.5, 558.77, 500.48, 519.46, 468.86, 542.54, 555.25, 500.9, 501.27, 518.39, 532.4, 550.4, 578.26, 515.85, 515.66, 492.85, 665.3, 2030.51]","[536.83, 947.79, 848.8, 909.1, 878.91, 852.0, 1030.43, 791.04, 941.9, 918.78, 1054.21, 1236.84, 1231.58, 1206.17, 1056.01, 866.99, 805.86, 866.56, 988.72, 1121.88, 1102.97, 1084.16, 907.06, 853.43, 1083.16, 1167.66, 1005.63, 914.58, 928.16, 1001.08, 1029.94, 978.36, 969.81, 731.69, 754.22, 950.25, 823.9]","[6287.88, 6187.89, 3186.4, 3647.08, 2412.84, 2212.8, 3103.31, 2790.08, 4638.34, 3192.12, 4359.15, 4368.92, 4924.19, 3209.61, 4881.73, 2689.32, 3689.15, 3390.74, 3951.95, 2535.94, 3222.07, 3575.7, 3343.82, 2503.31, 3155.55, 3780.56, 3249.88, 2206.39, 3636.63, 6357.25, 4679.46, 3710.33, 2742.23, 3213.96, 2513.74, 2845.49, 2187.33]","[11823.01, 14911.5, 14961.92, 15507.69, 14810.63, 13718.58, 13707.45, 12593.67, 14136.8, 13843.46, 14701.25, 15982.08, 17621.53, 17516.9, 19324.5, 18921.23, 19304.03, 19563.24, 20199.22, 19659.4, 19789.55, 19655.11, 19930.4, 19139.99, 19186.99, 19860.14, 20006.51, 19140.95, 19477.27, 22334.68, 23708.41, 23292.0, 22746.02, 22848.47, 22088.73, 21860.71, 22812.75]"
en,3000,speaker_5,0.088,0.0774025974025974,0.8014752268791199,"[548.58, 515.2, 535.76, 587.0, 528.67, 560.73, 533.16, 476.58, 537.84, 474.66, 481.55, 528.38, 474.07, 478.74, 512.41, 538.09, 549.88, 576.24, 489.5, 575.38, 567.97, 487.61, 647.57, 550.71, 583.72, 533.7, 558.84, 587.61, 568.66, 509.58, 652.38, 560.78, 496.02, 506.78, 531.35, 550.71, 544.12, 461.52]","[563.51, 916.41, 1107.92, 1120.97, 799.52, 880.63, 920.52, 531.47, 813.26, 942.2, 1060.43, 1119.07, 961.78, 795.2, 747.87, 904.14, 1202.44, 1324.65, 1058.04, 1122.9, 1375.82, 1113.51, 1292.5, 1716.13, 1488.98, 1421.28, 1226.5, 1197.09, 1152.31, 877.47, 772.53, 1035.43, 904.49, 901.56, 1015.44, 922.15, 1176.54, 1165.02]","[8055.59, 5625.49, 6612.3, 3048.43, 2668.77, 2763.77, 2874.81, 3289.3, 2703.92, 3295.34, 3562.8, 3805.43, 3332.81, 3456.14, 2501.09, 4274.17, 4425.36, 4855.94, 2516.85, 4588.03, 4288.18, 2196.6, 8024.26, 4873.92, 4519.78, 4354.29, 3671.88, 2514.21, 3893.49, 3094.39, 3529.51, 3075.02, 2362.92, 2638.18, 2959.4, 4191.08, 3778.77, 2219.94]","[13859.31, 16382.33, 19876.42, 19611.81, 19148.64, 18604.6, 18373.14, 18363.01, 17350.3, 17534.19, 17776.08, 18466.51, 18065.85, 18422.57, 17816.37, 18973.92, 20306.45, 21869.7, 21314.67, 22424.35, 23408.67, 22481.97, 26816.4, 28179.75, 29400.19, 30668.77, 31229.35, 30633.16, 30818.8, 30391.27, 30606.53, 29987.97, 29262.16, 28813.08, 28468.68, 29554.72, 30235.92, 29960.01]"
en,3000,speaker_6,0.10632911392405063,0.07505070993914807,0.7692582607269287,"[550.79, 643.02, 535.81, 532.61, 514.38, 528.43, 523.96, 520.7, 625.31, 582.85, 507.48, 529.13, 522.17, 522.8, 479.05, 505.15, 513.32, 508.51, 477.55, 557.01, 519.13, 466.41, 524.08, 567.51, 489.23, 533.94, 503.56, 587.8, 577.34, 11189.75, 559.41, 595.96, 636.98, 615.56, 604.45, 556.93, 594.43, 514.3]","[980.69, 1147.38, 1041.0, 992.87, 946.91, 1034.17, 1148.67, 960.46, 1149.53, 1234.83, 964.86, 958.37, 1044.11, 1070.87, 1013.77, 1056.32, 863.64, 842.15, 882.73, 1134.41, 1014.33, 819.09, 885.04, 1051.87, 1007.34, 940.87, 910.22, 888.42, 1014.98, 1770.18, 1311.37, 1083.45, 1277.71, 1140.09, 1206.67, 1087.28, 1144.72, 1145.42]","[11049.76, 3527.11, 2662.93, 2693.52, 3821.51, 5004.85, 3891.65, 3695.07, 6675.46, 3434.73, 3238.36, 3488.44, 3937.32, 3099.18, 3891.07, 3751.17, 2853.23, 3235.85, 3287.22, 4438.28, 3036.19, 3390.46, 4621.2, 7057.61, 4749.03, 2985.92, 3442.02, 3490.48, 4148.24, 3310.78, 3983.3, 2440.49, 4002.52, 3824.56, 4493.08, 3334.48, 4224.45, 2195.67]","[16387.64, 16794.93, 16120.3, 15700.21, 16179.1, 18087.15, 18881.67, 19040.94, 22423.51, 22768.35, 22917.5, 23275.97, 24118.21, 23499.82, 24326.12, 24745.89, 24490.85, 24630.78, 24815.86, 26175.35, 25495.49, 25793.61, 26925.56, 30073.47, 31739.81, 31266.72, 30969.7, 31155.89, 31592.61, 31809.39, 32694.32, 32038.71, 32725.81, 33447.34, 34840.34, 35080.69, 36213.97, 35720.13]"
en,3000,speaker_7,0.13583815028901733,0.10538116591928251,0.7645042538642883,"[517.06, 476.89, 536.68, 514.95, 565.63, 479.29, 490.53, 545.37, 460.89, 592.19, 519.04, 543.45, 547.47, 561.04, 534.44, 503.63, 549.18, 549.3, 517.41, 546.31, 526.9, 559.09, 546.67, 546.42, 510.82, 510.88, 465.33, 545.92, 512.86, 611.84, 546.85, 575.73, 538.41, 514.23, 527.45, 527.52, 572.03, 530.56]","[577.54, 850.49, 830.68, 889.61, 1083.68, 917.63, 984.41, 1109.97, 1087.01, 1218.58, 959.76, 787.77, 1084.13, 1387.1, 896.75, 716.28, 935.26, 1008.33, 894.86, 943.85, 1149.31, 992.3, 956.47, 1100.15, 1025.84, 800.59, 928.06, 1014.31, 909.61, 941.62, 1012.17, 987.46, 934.05, 902.15, 968.24, 1019.25, 1138.77, 893.66]","[7717.02, 2838.58, 2429.72, 5273.61, 3409.28, 2136.69, 3450.86, 2574.36, 3485.69, 3404.94, 2853.27, 2509.03, 4953.91, 5725.19, 2419.96, 2405.31, 4375.0, 2982.99, 3586.18, 3513.36, 3365.67, 4081.76, 3711.36, 5109.56, 3178.4, 2330.07, 3109.21, 3598.06, 3086.12, 3764.4, 3465.05, 4398.68, 3275.11, 2453.98, 4181.22, 2745.72, 3867.99, 2166.93]","[13165.81, 12899.94, 11799.31, 13754.02, 13203.39, 12260.88, 12604.94, 11880.49, 12261.76, 12166.31, 11333.19, 10744.89, 12373.29, 15002.94, 14344.12, 13250.01, 13700.02, 13591.82, 13865.55, 14276.98, 14550.26, 14698.96, 15318.48, 17350.12, 17217.65, 16461.24, 16472.8, 16782.37, 16759.42, 17423.04, 17795.42, 19110.08, 19101.98, 18466.2, 19562.1, 19201.69, 19980.43, 18834.03]"
en,3000,speaker_8,0.11428571428571428,0.08062709966405375,0.8004629015922546,"[605.28, 2184.07, 601.61, 517.75, 636.97, 526.93, 472.87, 492.26, 506.28, 483.33, 502.91, 569.55, 517.93, 632.66, 544.63, 503.16, 530.54, 500.24, 588.91, 497.97, 515.93, 537.57, 578.03, 543.56, 504.63, 538.76, 479.7, 554.18, 507.28, 543.95, 518.55, 578.77, 550.46, 639.62, 502.83, 618.51, 503.38, 521.75]","[1122.43, 1328.81, 938.53, 905.31, 979.15, 990.9, 714.27, 816.47, 896.09, 917.58, 1033.84, 1167.9, 1168.88, 939.17, 844.86, 923.79, 1027.55, 1026.48, 1169.58, 885.45, 880.92, 1005.76, 1065.69, 1011.15, 833.97, 890.79, 970.95, 1016.73, 894.07, 970.96, 1097.02, 995.54, 966.19, 849.8, 879.45, 1173.62, 1105.02, 690.33]","[8484.47, 2553.34, 3774.54, 2656.91, 2858.54, 2085.5, 2941.88, 3595.55, 2568.85, 6447.36, 2985.35, 5247.33, 4561.92, 3553.81, 2524.41, 3887.28, 4357.0, 3607.43, 3768.01, 2120.03, 3253.37, 2816.15, 3723.67, 3274.91, 3944.77, 3259.14, 4104.93, 3872.98, 2098.9, 7532.88, 3834.89, 3736.42, 3086.22, 2971.81, 2421.38, 4675.61, 3663.66, 2283.42]","[14107.85, 13549.54, 14208.68, 13759.83, 13284.84, 12283.79, 12131.08, 12641.19, 12109.9, 15282.88, 15179.35, 17322.42, 18799.5, 19257.95, 18475.06, 19258.49, 20523.35, 21030.69, 21721.41, 20571.58, 20728.85, 20467.83, 21114.86, 21280.36, 21907.86, 22079.94, 23109.02, 23889.14, 22919.43, 27155.92, 27067.36, 27711.62, 27685.61, 27567.89, 26705.28, 28293.87, 28873.28, 29488.63]"
en,3000,speaker_9,0.11733333333333333,0.0858456821665815,0.7432374358177185,"[605.4, 581.05, 607.63, 597.71, 556.32, 652.1, 471.09, 512.31, 568.76, 559.65, 628.63, 519.04, 525.35, 568.41, 551.49, 482.47, 531.29, 447.16, 555.2, 553.02, 562.04, 609.17, 510.88, 532.0, 588.02, 540.59, 513.45, 537.72, 540.22, 541.45, 501.47, 538.21, 497.63, 563.93, 499.95, 514.32, 550.77, 734.47]","[1026.94, 1497.38, 1395.28, 1443.9, 1285.45, 1182.81, 1169.49, 878.9, 768.65, 1219.47, 1375.88, 1115.01, 1006.4, 1108.15, 967.59, 814.95, 820.67, 763.16, 888.42, 1289.72, 1214.9, 1161.93, 1006.05, 944.97, 1203.87, 1105.87, 901.42, 797.89, 1167.36, 1295.33, 983.81, 850.35, 844.61, 945.45, 950.19, 999.0, 1454.07, 819.27]","[11847.66, 4101.39, 3978.7, 3855.1, 5878.53, 8455.84, 3439.14, 2904.95, 3689.78, 3851.97, 4555.62, 4062.69, 4050.72, 3863.03, 3485.69, 3673.63, 3031.07, 2552.9, 4175.11, 4028.73, 3352.93, 3737.98, 2997.08, 3136.92, 4076.81, 3353.84, 3189.49, 3619.91, 4302.67, 2425.62, 2751.34, 3672.1, 3235.69, 3587.63, 3339.06, 3275.72, 8303.19, 2258.37]","[18306.59, 18876.77, 19736.43, 20248.14, 23042.95, 28368.79, 28700.8, 27911.67, 28499.03, 29062.0, 30535.23, 31496.56, 32451.46, 33211.94, 33383.04, 33955.84, 33880.36, 32681.71, 33770.23, 34701.82, 34772.24, 35021.88, 34731.23, 34767.67, 35742.81, 35985.75, 36068.0, 36392.1, 37590.79, 36472.58, 36125.43, 36493.51, 36629.53, 37111.73, 36955.9, 37155.22, 41540.25, 43388.0]"
en,3000,speaker_10,0.14035087719298245,0.10738255033557047,0.7501552700996399,"[509.57, 534.39, 490.56, 540.13, 513.28, 549.42, 551.22, 546.27, 592.15, 546.84, 525.33, 519.3, 475.18, 531.58, 539.55, 510.97, 580.84, 552.53, 500.11, 587.87, 480.38, 518.91, 536.3, 561.71, 553.39, 541.81, 568.83, 491.75, 521.41, 575.04, 557.12, 491.72, 486.46, 607.83, 496.89, 636.56, 515.79, 530.52, 445.43]","[1141.77, 1202.04, 890.27, 767.25, 903.9, 854.41, 886.59, 894.68, 1090.07, 1382.34, 1249.02, 951.33, 864.38, 1154.96, 1219.17, 1129.67, 1283.57, 1193.81, 1185.8, 1201.77, 1125.47, 940.28, 1074.64, 1235.15, 1213.48, 1239.3, 1230.67, 1044.02, 992.58, 1154.62, 1407.34, 1031.95, 702.55, 787.14, 821.43, 1231.2, 1245.36, 1159.54, 760.2]","[12352.32, 4090.16, 2464.83, 3220.63, 2697.21, 3392.33, 3391.07, 3259.23, 4045.05, 4517.6, 3638.99, 3030.31, 3304.66, 4550.34, 3812.09, 3169.67, 4646.68, 3092.93, 3074.69, 5551.44, 3126.57, 2968.01, 3764.34, 5157.98, 5166.37, 3829.45, 3960.63, 4520.02, 4146.39, 3729.26, 7645.4, 2380.92, 2428.83, 2998.37, 2806.35, 5553.95, 3828.92, 3700.84, 2457.35]","[18214.68, 19003.37, 18155.73, 17849.9, 17448.81, 17743.34, 17825.08, 17768.97, 18739.56, 19954.96, 20524.25, 20249.93, 20256.32, 21515.12, 22244.78, 22318.05, 23670.7, 23693.5, 23676.17, 25296.46, 24900.52, 24784.59, 25440.28, 27490.13, 29362.52, 30105.61, 30779.66, 31960.07, 32788.81, 33436.64, 37980.95, 37053.5, 36375.6, 36255.95, 35965.92, 38432.2, 38942.42, 39562.29, 41205.86]"
en,3500,speaker_1,0.20253164556962025,0.1313364055299539,0.6590271592140198,"[593.14, 566.26, 614.26, 3021.84, 628.32, 517.92, 513.85, 490.77, 548.07, 473.19, 503.79, 507.86, 604.33, 541.77, 507.18, 514.39, 475.48, 526.67, 515.38, 507.95, 493.37, 1806.32, 576.0, 666.89, 658.09, 562.91, 565.32, 526.04, 586.94, 522.1]","[1173.52, 1229.92, 1182.04, 1190.44, 1175.19, 1200.41, 1028.79, 902.08, 961.72, 918.17, 862.56, 875.2, 1003.07, 1305.91, 1003.19, 875.78, 857.18, 1013.58, 1078.41, 919.8, 792.36, 727.51, 816.86, 1150.48, 1206.56, 1059.15, 1068.28, 898.09, 1035.47, 987.33]","[13944.41, 6281.73, 4027.92, 2666.68, 3652.66, 3200.04, 2688.07, 2168.14, 2951.72, 2588.74, 2687.63, 2645.26, 3160.96, 3598.63, 3082.54, 2447.56, 2897.99, 4291.41, 2033.74, 3340.58, 3288.23, 3187.09, 3092.33, 8569.51, 4004.02, 5604.47, 3936.87, 4006.57, 4351.44, 2678.32]","[19177.86, 21106.3, 21406.66, 20343.64, 20448.53, 19496.41, 18480.42, 16922.62, 15358.16, 14231.02, 12401.04, 10721.29, 10169.77, 9471.85, 8848.74, 6947.95, 6122.15, 6672.11, 4755.48, 4768.8, 4574.97, 5721.75, 4498.91, 10387.37, 10453.62, 12314.64, 12522.25, 13034.69, 13694.68, 13263.4]"
en,3500,speaker_2,0.1103448275862069,0.10121716848174248,0.7782425284385681,"[532.26, 522.71, 505.81, 492.0, 495.98, 489.2, 572.69, 506.63, 518.47, 639.59, 519.35, 552.59, 548.01, 535.29, 545.85, 536.3, 535.75, 514.1, 489.6, 536.52, 558.55, 573.87, 546.58, 575.96, 438.37, 549.14, 547.92, 546.48, 483.19, 509.68, 506.63, 541.84, 451.99]","[746.71, 985.11, 911.58, 915.47, 967.36, 769.36, 810.15, 923.07, 889.51, 1275.83, 1281.81, 1029.06, 921.83, 1130.21, 1196.99, 1213.7, 1118.16, 956.09, 814.32, 848.43, 1049.29, 1249.74, 1095.7, 1089.7, 923.9, 880.36, 1112.75, 1032.09, 827.77, 694.8, 716.07, 866.49, 619.3]","[6795.99, 5089.8, 5551.9, 2989.8, 3617.43, 2838.83, 4129.76, 3364.99, 3610.45, 9005.86, 4228.98, 3164.98, 4401.86, 3474.13, 3854.46, 5567.41, 4384.33, 3264.81, 3240.96, 2756.21, 5028.84, 4540.76, 3500.22, 4406.67, 3767.95, 3407.81, 4495.88, 3685.75, 2125.09, 3259.58, 2322.67, 3678.48, 2193.18]","[12899.0, 13843.09, 15862.71, 15103.69, 15003.82, 13275.0, 13873.24, 13363.12, 12511.03, 17465.19, 17636.93, 17347.31, 18088.89, 17472.79, 17659.25, 19156.52, 19874.07, 19468.88, 19047.21, 18336.61, 19714.92, 20200.58, 20046.14, 20789.23, 20880.71, 20615.43, 21451.31, 21690.07, 20155.45, 19744.37, 17803.27, 17211.52, 18789.82]"
en,3500,speaker_3,0.09584664536741214,0.07783312577833126,0.6820975542068481,"[550.73, 475.66, 541.77, 518.9, 527.89, 472.27, 526.25, 574.3, 552.2, 607.28, 511.75, 528.6, 582.35, 547.8, 542.75, 483.76, 593.34, 504.77, 578.97, 618.63, 611.55, 730.42, 846.28, 579.65, 589.01, 486.91, 555.53, 538.62, 497.48, 535.95, 647.92, 490.53]","[688.33, 811.12, 874.86, 952.68, 1091.89, 1001.76, 796.06, 1145.18, 1137.14, 1218.36, 1260.67, 1061.93, 1280.53, 1306.05, 1179.25, 784.98, 1029.46, 1113.04, 948.98, 1123.07, 1223.61, 1350.29, 1640.78, 1297.62, 1167.82, 850.89, 944.82, 944.77, 821.3, 1238.08, 1464.87, 1211.31]","[6687.83, 2144.74, 3665.13, 2553.28, 4229.27, 1927.76, 4855.68, 8552.7, 3816.61, 7497.42, 4122.44, 4019.99, 4440.13, 3088.33, 2965.1, 3144.83, 4889.61, 3953.78, 5502.66, 4890.26, 4209.61, 4078.31, 5058.61, 4015.8, 3721.96, 2797.83, 4140.08, 3421.82, 2124.73, 3341.33, 4898.72, 3353.58]","[12188.8, 10645.7, 10631.67, 8687.39, 8652.12, 7116.44, 8312.04, 12388.43, 12536.54, 15972.1, 16422.79, 16786.98, 17574.97, 17014.15, 16117.72, 15606.15, 16219.84, 16506.6, 18359.58, 19798.1, 20346.29, 20740.61, 22133.85, 21861.34, 21511.18, 20859.09, 21340.13, 21100.39, 19574.8, 19253.22, 20096.15, 19588.33]"
en,3500,speaker_4,0.13595166163141995,0.09686296092460099,0.7534123063087463,"[550.64, 523.3, 521.11, 522.29, 521.24, 535.31, 475.95, 498.9, 491.94, 502.68, 497.58, 558.41, 516.76, 465.38, 541.75, 502.31, 547.13, 536.23, 515.18, 531.72, 478.42, 545.37, 555.87, 500.18, 555.11, 506.54, 556.4, 494.5, 448.36, 2767.89, 553.49, 466.12]","[620.2, 927.05, 922.55, 1004.52, 980.35, 1087.16, 1271.17, 1081.14, 1031.79, 933.9, 1134.12, 1322.85, 1258.57, 984.71, 991.85, 1169.31, 1230.07, 1255.69, 1194.07, 1031.58, 1078.71, 1155.56, 1212.2, 1030.59, 1081.21, 1011.67, 957.53, 1067.45, 734.42, 957.1, 1370.85, 811.78]","[5438.33, 8468.92, 3133.4, 3650.76, 3731.61, 4753.85, 4339.29, 3640.02, 3855.32, 2810.07, 4255.81, 4534.21, 5874.7, 3361.1, 3984.23, 4162.23, 4099.85, 4248.63, 2982.37, 5102.2, 3332.42, 4142.82, 3786.93, 3318.29, 5310.37, 3703.45, 5105.09, 3096.26, 2819.07, 3817.26, 3351.37, 2094.95]","[10660.38, 15666.42, 14723.08, 14703.01, 14566.31, 15230.46, 16123.49, 16125.56, 16319.87, 15482.44, 16286.31, 17159.59, 19379.37, 19081.57, 18994.96, 19701.89, 19322.35, 19691.62, 18620.88, 20067.3, 19956.09, 20450.09, 20579.43, 20243.86, 22113.15, 22159.53, 23601.36, 23052.13, 22015.49, 21776.83, 21463.25, 22341.16]"
en,3500,speaker_5,0.10666666666666667,0.08311688311688312,0.7798197269439697,"[547.7, 533.0, 565.41, 481.34, 560.25, 560.94, 485.9, 571.24, 458.09, 552.95, 550.5, 510.27, 532.71, 582.98, 603.22, 551.86, 565.38, 567.05, 570.46, 607.39, 540.06, 522.26, 584.82, 562.43, 543.72, 493.15, 509.05, 511.66, 505.89, 475.74, 552.92, 585.65, 516.9]","[701.73, 1099.73, 1239.0, 947.78, 981.15, 1252.62, 1031.2, 1098.07, 1050.29, 1111.64, 1192.05, 981.12, 1029.49, 1361.91, 1588.35, 1360.37, 1338.83, 1400.02, 1434.34, 1470.88, 1296.64, 1590.91, 1500.19, 1543.67, 1315.68, 931.65, 1091.97, 1262.32, 1068.69, 870.13, 1034.23, 1390.56, 1233.22]","[9310.75, 5659.29, 7613.65, 2404.64, 4190.65, 3477.02, 3638.98, 3687.39, 2824.68, 5144.32, 4529.4, 3611.76, 4223.38, 5732.04, 5637.17, 4327.4, 5051.69, 4830.02, 4779.06, 4072.56, 4890.84, 4803.13, 3700.73, 5370.52, 3541.61, 3093.58, 3699.9, 2906.95, 2886.86, 2996.33, 3025.33, 8342.37, 3291.19]","[14385.61, 16368.95, 20317.14, 18454.63, 18991.19, 18791.44, 18364.93, 18593.0, 17771.83, 19257.26, 19323.67, 19070.77, 19645.01, 21119.12, 23300.46, 23972.97, 25368.59, 26330.11, 27457.32, 27864.17, 29303.15, 30447.25, 30487.57, 32196.87, 32279.15, 31716.86, 31755.15, 31009.1, 30450.98, 29783.52, 29143.74, 33825.82, 34483.33]"
en,3500,speaker_6,0.07848101265822785,0.053245436105476676,0.7617147564888,"[568.02, 567.42, 440.07, 557.97, 520.99, 572.76, 528.27, 523.06, 564.03, 520.17, 529.07, 547.85, 515.42, 472.99, 522.51, 503.43, 547.97, 493.13, 484.69, 564.09, 495.75, 525.62, 496.74, 488.81, 607.67, 515.64, 532.02, 557.11, 543.31, 564.66, 520.57, 581.73, 539.19]","[902.59, 1182.21, 1053.0, 1140.59, 1257.23, 1300.67, 1166.31, 1298.63, 1334.89, 1134.42, 1187.19, 1275.5, 1184.55, 1093.35, 1149.03, 1184.13, 1298.71, 1189.47, 970.71, 1041.64, 976.2, 1122.2, 1059.58, 954.95, 1291.24, 1358.0, 1069.39, 1145.9, 1307.64, 1456.71, 1449.28, 1386.1, 1342.29]","[10879.09, 4037.25, 3728.68, 6558.49, 4243.9, 4395.31, 4691.79, 5181.75, 4635.96, 4033.82, 4187.02, 4049.8, 4562.17, 4736.02, 3689.42, 3701.75, 7677.76, 3747.19, 4651.65, 3376.76, 4662.47, 5320.36, 3452.75, 4835.36, 7380.73, 3267.94, 2877.51, 3354.83, 4149.55, 4926.28, 4619.06, 4299.76, 3059.49]","[16651.68, 17032.69, 17093.5, 19981.69, 20761.95, 21492.19, 22120.06, 23649.27, 24624.79, 24992.72, 25519.28, 26112.91, 26613.77, 27085.99, 26708.73, 26960.44, 30980.44, 31076.84, 32058.2, 31978.74, 32967.66, 34185.3, 34153.11, 35109.43, 38797.99, 38378.64, 37563.74, 37415.84, 37871.1, 39088.65, 40011.51, 40202.51, 40164.98]"
en,3500,speaker_7,0.15895953757225434,0.12443946188340807,0.7449924349784851,"[567.94, 499.47, 546.18, 490.32, 496.14, 494.54, 505.06, 477.46, 560.18, 460.02, 538.01, 546.23, 520.05, 455.56, 549.13, 531.96, 542.64, 563.21, 518.17, 430.51, 476.17, 545.19, 615.25, 465.86, 530.87, 514.61, 546.14, 521.05, 532.36, 473.95, 522.74, 562.44, 434.02]","[1331.88, 1158.61, 1091.31, 979.9, 848.85, 1088.75, 1228.62, 1035.05, 1082.37, 925.56, 900.18, 1357.08, 858.38, 813.73, 865.84, 836.27, 1269.1, 1328.2, 1358.11, 887.25, 625.27, 851.43, 1099.22, 1003.64, 1008.0, 1131.0, 1147.59, 1149.96, 1102.62, 1120.81, 1252.39, 1622.59, 1177.1]","[11228.54, 3867.57, 3657.35, 2869.62, 2212.01, 4164.62, 2875.3, 3689.78, 4096.89, 2630.0, 3296.66, 7323.17, 3258.85, 2158.0, 3965.47, 4066.49, 3732.66, 4563.56, 4780.73, 1741.7, 1850.75, 3907.32, 3638.2, 2173.55, 3360.95, 4418.21, 3856.91, 4609.82, 4032.51, 3131.83, 4651.81, 4695.19, 2223.87]","[16115.19, 16051.27, 16002.91, 15170.7, 13641.27, 14335.28, 13506.38, 13518.17, 13907.14, 13076.63, 12661.6, 16302.6, 15854.54, 14104.32, 14174.86, 14520.52, 14550.98, 15613.39, 16707.71, 14746.06, 12896.77, 12922.6, 12900.69, 11395.07, 11072.71, 10971.06, 11104.86, 12040.07, 12591.6, 12038.74, 12981.32, 13988.03, 12929.46]"
en,3500,speaker_8,0.08,0.05879059350503919,0.836170494556427,"[666.44, 528.72, 503.09, 5579.48, 556.57, 512.87, 579.27, 514.49, 537.83, 587.61, 525.34, 604.14, 559.48, 502.2, 555.51, 527.6, 545.41, 501.09, 503.21, 637.0, 581.48, 501.59, 580.21, 563.3, 585.48, 663.46, 536.38, 573.88, 579.36, 513.18, 627.69, 519.1]","[1440.39, 1284.35, 841.4, 1114.05, 1024.07, 736.85, 860.84, 997.14, 1023.13, 1164.84, 1243.03, 1137.58, 977.55, 1086.0, 1054.09, 1140.92, 1363.41, 1265.49, 1115.13, 1340.46, 1256.03, 968.31, 1207.56, 1135.74, 1147.43, 1235.0, 1213.79, 1277.08, 1397.55, 1133.4, 1304.68, 1409.63]","[16397.13, 3562.5, 2883.32, 3718.08, 2722.22, 3522.89, 3966.54, 3586.96, 4104.62, 4404.39, 5412.61, 3858.43, 3930.78, 4291.33, 4381.72, 5571.3, 4921.62, 4352.24, 3876.0, 6186.45, 4805.8, 3705.92, 6084.87, 3970.33, 3509.16, 4627.18, 3494.7, 5882.78, 4240.7, 3232.53, 4728.63, 3790.76]","[21937.9, 21795.34, 20956.82, 20971.93, 19971.81, 19790.94, 20070.92, 19972.03, 20592.9, 21288.71, 23006.96, 23157.55, 23604.35, 24203.39, 24878.12, 26753.29, 27974.87, 28428.48, 28816.73, 31306.84, 32419.28, 32461.0, 34838.98, 35310.81, 35127.14, 36060.64, 35842.57, 38245.41, 38792.1, 38328.67, 39386.7, 39704.06]"
en,3500,speaker_9,0.096,0.08226877874297393,0.7608985304832458,"[589.58, 463.72, 588.46, 566.75, 642.61, 521.73, 541.6, 535.16, 558.29, 563.87, 635.75, 562.62, 602.24, 468.35, 7141.39, 602.16, 608.64, 555.44, 585.21, 625.71, 564.0, 540.9, 568.77, 540.62, 611.9, 554.94, 473.69, 438.21, 546.69, 481.12, 554.82, 532.1]","[1209.92, 986.92, 1041.84, 1543.47, 1592.7, 1410.14, 984.08, 930.76, 1381.23, 1447.28, 1397.98, 1252.94, 1149.63, 862.85, 1361.38, 1347.68, 1124.69, 921.2, 1101.35, 1196.91, 1191.21, 1213.4, 1120.75, 1165.59, 1146.37, 1275.84, 1051.17, 758.29, 973.05, 1115.85, 1131.99, 1183.07]","[13900.18, 2420.17, 4501.52, 4898.62, 13536.64, 4624.01, 2789.35, 5767.42, 5142.08, 5224.99, 4876.17, 5095.65, 4268.18, 3750.67, 5030.3, 4491.56, 5213.05, 3332.86, 4749.91, 4481.34, 5167.15, 4063.81, 3646.58, 3343.8, 3308.45, 4020.01, 3162.97, 3646.24, 3534.6, 4178.45, 5373.79, 3537.61]","[19036.64, 17937.81, 18716.45, 19909.89, 29712.13, 30831.22, 29509.07, 31571.48, 33019.18, 34739.58, 35914.88, 37296.14, 37877.51, 37935.41, 38434.78, 38835.4, 40347.68, 39967.22, 41006.96, 40947.84, 42432.35, 42793.27, 42939.67, 42576.86, 42181.07, 42309.31, 41789.1, 41942.66, 41794.49, 42287.23, 44002.18, 44265.02]"
en,3500,speaker_10,0.12280701754385964,0.09499225606608157,0.7456753253936768,"[510.85, 501.63, 527.95, 485.97, 512.97, 600.27, 557.18, 543.44, 530.24, 544.22, 434.57, 541.85, 495.0, 571.7, 569.85, 443.18, 536.55, 533.86, 568.95, 528.9, 533.47, 561.7, 547.56, 525.1, 469.36, 526.88, 589.91, 494.75, 527.46, 495.4, 580.91, 534.61, 473.74]","[1379.27, 1274.38, 1215.7, 930.54, 850.59, 1079.74, 1193.49, 1457.98, 1347.62, 1036.62, 957.06, 1092.61, 1361.7, 1452.54, 1334.73, 1158.79, 1268.03, 1392.83, 1061.52, 1260.16, 1247.6, 1365.23, 1319.19, 1197.41, 1031.43, 1197.93, 1339.67, 989.6, 1022.05, 1024.7, 1461.03, 1886.67, 1107.34]","[14330.22, 4071.73, 3790.11, 2270.58, 3341.31, 4647.68, 4398.24, 5060.32, 3593.71, 4495.16, 3236.71, 5200.21, 4363.15, 5177.83, 3942.26, 3634.8, 5160.95, 3753.91, 3986.58, 6379.18, 5176.54, 4757.09, 3716.0, 11064.86, 2873.43, 5855.97, 3446.57, 2881.73, 3338.79, 3463.95, 5542.76, 4354.83, 2333.6]","[19635.35, 20002.39, 19028.78, 17600.53, 16408.94, 17355.03, 17231.87, 18604.24, 18519.14, 19511.3, 19044.1, 20131.04, 20601.3, 22078.25, 22549.53, 22086.16, 23132.82, 23189.86, 23473.64, 26379.03, 27866.58, 28930.32, 28933.03, 36486.34, 35673.94, 37816.97, 37575.37, 36954.0, 36564.09, 36335.6, 37987.67, 38863.8, 39763.43]"
en,4000,speaker_1,0.10548523206751055,0.06912442396313365,0.663065493106842,"[551.17, 580.39, 551.85, 513.02, 578.41, 450.4, 466.65, 522.68, 484.97, 469.12, 481.39, 607.99, 541.15, 481.48, 447.47, 576.03, 506.15, 465.15, 444.57, 473.86, 465.24, 620.52, 491.26, 509.37, 487.81, 551.38, 547.72]","[1136.93, 1210.31, 1158.69, 1373.07, 1542.51, 1135.98, 872.57, 1167.11, 980.91, 875.38, 824.34, 990.13, 1257.22, 933.22, 814.63, 1102.51, 1179.67, 901.65, 770.17, 898.42, 1077.8, 1519.5, 1479.41, 1159.97, 1111.64, 1168.82, 1335.43]","[13388.07, 4561.51, 4377.41, 5349.87, 4946.72, 2947.88, 3308.16, 2903.5, 2537.6, 2721.15, 2521.26, 3367.9, 3518.92, 2835.54, 2736.21, 4167.08, 3471.69, 2088.76, 3199.69, 2584.19, 3981.54, 4493.62, 4579.17, 4620.73, 4039.68, 5030.48, 3909.66]","[18045.11, 18472.59, 18543.83, 19806.51, 20073.27, 18751.32, 17999.96, 16654.2, 15117.23, 13175.92, 11643.87, 10751.64, 9797.79, 7962.98, 6634.91, 6524.94, 5944.71, 3758.35, 4415.21, 3957.59, 5525.66, 6634.04, 7149.13, 7705.28, 7686.28, 8648.83, 8086.66]"
en,4000,speaker_2,0.14482758620689656,0.11402946828955797,0.7457420825958252,"[529.59, 513.32, 511.7, 540.05, 488.89, 469.84, 523.72, 506.08, 583.64, 517.53, 487.22, 555.94, 507.67, 551.9, 542.04, 492.49, 482.9, 526.95, 536.17, 521.03, 526.56, 582.48, 487.53, 589.48, 519.92, 473.64, 530.65, 469.99, 646.98, 435.35]","[599.05, 1045.45, 1076.0, 1188.89, 1043.84, 844.53, 914.29, 873.79, 1010.11, 1177.18, 1005.76, 928.63, 923.16, 1127.94, 1126.89, 863.24, 875.16, 944.53, 1215.48, 1324.58, 1140.49, 1157.11, 1114.05, 1060.42, 1077.16, 1057.46, 1012.02, 934.59, 1365.68, 923.07]","[7391.98, 9315.69, 3946.87, 4450.91, 3380.38, 3572.07, 3328.71, 2824.27, 4531.23, 3896.35, 3490.1, 3789.02, 3768.34, 5393.55, 4578.27, 2219.25, 4310.57, 3714.17, 7713.73, 4907.17, 3268.32, 3936.74, 4289.52, 4320.71, 3613.6, 4704.86, 3342.14, 3793.2, 7211.25, 2503.13]","[12531.98, 17792.29, 17655.91, 18041.0, 16943.87, 16453.09, 15717.92, 14068.86, 14540.33, 14389.01, 13810.79, 13538.39, 13048.17, 14368.61, 14873.54, 13047.0, 12485.09, 11731.92, 15385.34, 16025.88, 15215.01, 14464.48, 14688.96, 14949.04, 14490.86, 14930.08, 14214.33, 13936.89, 17076.09, 18768.95]"
en,4000,speaker_3,0.134185303514377,0.09277708592777086,0.7016509175300598,"[553.67, 475.24, 497.32, 464.98, 534.26, 438.71, 555.04, 494.24, 539.2, 558.46, 598.53, 510.34, 505.81, 498.63, 591.66, 473.93, 539.56, 553.45, 625.01, 565.04, 613.89, 623.24, 559.61, 578.45, 514.3, 537.51, 587.16, 571.82, 530.64]","[443.73, 696.76, 1093.81, 1303.55, 1132.24, 1045.66, 1140.57, 1283.06, 1172.0, 1384.02, 1343.06, 1263.63, 851.92, 760.24, 1043.32, 1290.77, 997.06, 1090.78, 1338.55, 1155.36, 1248.96, 1234.65, 956.04, 1159.65, 1020.23, 920.34, 1279.82, 1585.43, 1308.2]","[5069.65, 2475.27, 7253.56, 3537.76, 3180.42, 3240.61, 11120.69, 4032.36, 7954.45, 4499.54, 5970.67, 3332.0, 3148.08, 2648.26, 4911.0, 3909.24, 4505.98, 4827.85, 5564.86, 3865.2, 5693.65, 3398.3, 4139.21, 4889.54, 4145.13, 3248.87, 5404.98, 3818.41, 3059.72]","[9942.34, 8346.11, 10724.81, 10004.94, 8509.23, 7693.11, 13735.19, 13699.91, 17575.52, 17760.84, 19624.66, 18859.31, 17872.32, 16222.87, 17030.49, 16631.99, 17014.45, 17109.61, 18550.65, 18295.62, 19863.47, 19157.41, 19168.66, 19718.95, 19731.62, 18694.51, 19589.99, 19085.35, 19488.44]"
en,4000,speaker_4,0.08761329305135952,0.059988992845349476,0.785018265247345,"[528.39, 562.76, 578.33, 480.45, 582.42, 650.13, 521.72, 537.4, 503.19, 577.54, 615.12, 495.77, 566.03, 548.33, 524.1, 550.16, 528.62, 545.02, 471.44, 536.61, 597.4, 555.92, 701.54, 537.37, 552.44, 444.59, 615.59, 542.23]","[573.65, 1035.54, 1040.19, 940.62, 1039.33, 1489.6, 1432.14, 1279.49, 1223.94, 1144.88, 1425.0, 1339.65, 1137.32, 1186.0, 1249.84, 960.73, 1157.92, 1249.11, 1220.05, 1078.76, 1189.35, 1410.85, 1334.65, 1316.62, 1423.17, 1057.2, 1067.6, 1219.52]","[6269.29, 8569.52, 3940.49, 3506.88, 4258.07, 9944.91, 5008.27, 5423.44, 3663.25, 4838.29, 4612.07, 4338.53, 3198.97, 4235.36, 5218.74, 2977.44, 3783.96, 5207.63, 3555.54, 4202.54, 3662.51, 4481.9, 4990.85, 5827.42, 4453.58, 2822.55, 3839.48, 3102.65]","[10638.79, 15080.97, 14903.58, 14297.45, 14242.15, 19040.81, 19944.25, 21257.47, 20797.76, 21517.53, 22001.2, 22031.36, 20882.55, 21029.94, 22153.42, 21031.04, 20085.31, 20961.29, 20414.66, 20542.39, 20083.21, 20462.98, 21322.27, 22608.48, 22538.11, 21246.55, 20967.63, 20135.6]"
en,4000,speaker_5,0.07733333333333334,0.052987012987012985,0.7985324263572693,"[563.66, 560.81, 531.07, 503.24, 591.7, 509.96, 558.63, 500.6, 571.12, 458.49, 492.17, 626.96, 640.35, 634.71, 695.76, 555.81, 651.2, 693.7, 566.16, 550.46, 583.95, 573.78, 505.57, 584.03, 533.07, 538.67, 528.87, 665.71, 530.83]","[759.1, 1388.93, 1279.33, 1064.19, 1154.22, 1045.29, 1024.51, 1115.51, 1232.92, 1249.2, 971.78, 1066.63, 1480.92, 1430.12, 1187.33, 1400.63, 1677.92, 1824.01, 1725.53, 1476.88, 1536.79, 1361.2, 1170.58, 1276.89, 1282.49, 1135.51, 1089.78, 1369.52, 1509.55]","[10996.82, 12149.4, 3714.4, 3764.39, 3736.18, 3813.47, 3604.56, 2761.5, 5585.79, 3768.0, 3477.14, 4977.05, 5660.42, 5867.96, 4552.71, 5289.76, 6172.28, 4741.59, 5236.76, 4897.51, 5144.1, 5206.21, 3340.8, 4076.17, 3798.83, 3130.92, 3011.61, 6738.75, 2586.26]","[15337.83, 23355.85, 22960.46, 22618.06, 22263.29, 21942.56, 21196.93, 19854.01, 21343.08, 21016.35, 20189.17, 21072.74, 22608.36, 24165.85, 23587.41, 24327.86, 26373.01, 27013.71, 28131.98, 28703.87, 29735.94, 30436.87, 29653.13, 29620.07, 28703.0, 27756.53, 26448.69, 29107.31, 28599.69]"
en,4000,speaker_6,0.08860759493670886,0.06440162271805273,0.7550026774406433,"[584.21, 547.84, 520.54, 563.16, 561.07, 525.73, 672.4, 543.23, 611.39, 611.87, 562.09, 523.48, 509.44, 476.65, 528.51, 621.2, 685.73, 523.54, 517.23, 529.77, 521.5, 687.15, 558.81, 535.37, 584.55, 584.89, 550.89, 588.7, 601.36, 463.88]","[926.48, 1167.4, 1305.23, 1470.03, 1534.1, 1467.81, 1653.44, 1748.15, 1344.91, 1670.89, 1432.72, 1051.93, 1046.29, 962.33, 1178.2, 1395.21, 1296.09, 1128.98, 1038.57, 1019.73, 907.24, 1277.53, 1524.08, 1393.17, 1573.74, 1571.05, 1491.82, 1476.76, 1659.93, 1027.27]","[11430.44, 3975.79, 11326.37, 4524.75, 4780.4, 4981.28, 5237.52, 5204.31, 4862.83, 5833.65, 5008.73, 4211.88, 3938.11, 3769.15, 5735.97, 4548.64, 5768.16, 3805.57, 4396.35, 3474.0, 4400.33, 6579.84, 4042.88, 3628.11, 6850.1, 4979.65, 5275.51, 3948.38, 4053.25, 2443.08]","[16063.53, 15283.79, 22280.13, 22312.04, 22965.75, 23839.15, 24965.72, 25866.83, 26613.71, 28362.27, 29258.45, 29349.42, 29207.13, 28889.25, 30338.61, 30348.04, 31991.57, 31700.61, 31583.33, 30760.27, 31054.68, 33328.43, 33253.48, 32791.17, 35541.26, 36422.89, 37603.68, 37207.74, 37163.93, 38796.56]"
en,4000,speaker_7,0.13583815028901733,0.10033632286995516,0.7570124268531799,"[492.16, 573.02, 550.96, 522.73, 492.84, 511.12, 511.42, 578.35, 493.54, 642.16, 6254.62, 536.88, 536.72, 549.26, 551.56, 551.1, 507.87, 541.45, 549.12, 476.78, 538.36, 574.24, 554.79, 632.22, 608.46, 539.9, 555.25, 543.76, 592.81]","[1068.09, 1179.31, 1268.98, 1153.8, 1102.65, 1270.41, 1338.17, 1306.01, 1233.45, 1337.36, 1380.25, 724.29, 1031.14, 1373.34, 1342.05, 1431.14, 1362.46, 1198.32, 1417.21, 1229.19, 979.92, 1170.64, 1207.94, 1271.56, 1274.49, 1137.09, 1381.92, 1330.6, 1121.01]","[9328.34, 6207.38, 3845.94, 3436.71, 3144.02, 3799.64, 4315.11, 4309.67, 4266.87, 8332.74, 3177.86, 3082.27, 4890.22, 4876.52, 3254.31, 5357.15, 3852.67, 4501.86, 8544.15, 3440.76, 3400.62, 3784.85, 4109.37, 4265.7, 5349.34, 3837.54, 5508.02, 3591.15, 2819.2]","[14482.32, 16393.37, 15901.55, 15227.39, 13647.0, 12531.15, 12708.47, 12075.03, 11846.16, 16083.4, 15169.5, 13937.1, 14680.97, 15443.03, 14607.6, 15862.52, 15595.68, 15780.26, 20230.04, 19553.81, 18830.92, 18497.64, 18504.49, 18398.8, 19639.77, 19378.26, 20781.14, 20269.16, 18562.67]"
en,4000,speaker_8,0.06857142857142857,0.04983202687569989,0.8250706195831299,"[651.71, 482.86, 518.77, 522.52, 522.82, 570.73, 530.13, 616.37, 539.24, 544.87, 524.47, 543.53, 469.71, 529.74, 545.65, 602.57, 617.36, 561.07, 561.55, 603.33, 664.11, 610.15, 517.23, 560.79, 643.62, 475.68, 624.81, 543.41]","[996.91, 1321.94, 872.17, 1008.66, 1270.35, 1131.23, 1168.87, 1311.14, 1527.39, 1536.53, 1266.47, 1077.6, 1097.81, 1442.73, 1507.33, 1215.68, 1491.03, 1410.76, 1181.13, 1266.28, 1183.23, 1212.09, 1155.14, 1595.64, 1606.41, 1183.93, 1191.04, 1283.6]","[11314.29, 3265.97, 3197.66, 3816.84, 3760.0, 6135.32, 3649.09, 4585.67, 5499.42, 7305.15, 4836.92, 4649.88, 4939.93, 11018.88, 4424.26, 4318.35, 6752.9, 5506.23, 3551.28, 4635.09, 4629.01, 4414.21, 5374.14, 4155.03, 5429.57, 3241.06, 3797.67, 3059.02]","[16645.23, 15355.57, 14414.88, 14112.93, 13759.11, 15409.36, 14955.39, 14807.39, 16206.91, 19410.8, 20144.59, 20472.24, 21302.65, 28209.29, 28521.06, 28326.94, 30974.22, 32392.38, 31843.2, 32119.49, 32637.03, 32959.25, 33424.36, 33492.42, 34611.15, 33764.21, 33469.88, 32837.63]"
en,4000,speaker_9,0.09066666666666667,0.06745017884517118,0.7948586344718933,"[636.09, 664.09, 583.55, 625.81, 597.13, 530.41, 625.94, 642.15, 542.92, 636.87, 606.7, 537.8, 559.74, 560.7, 603.7, 556.83, 560.73, 587.18, 684.93, 573.58, 582.64, 569.03, 601.24, 518.14, 612.54, 597.22, 553.83, 539.41]","[1174.37, 1499.21, 1567.7, 1513.4, 1498.39, 1181.26, 1158.95, 1681.08, 1572.17, 1593.25, 1672.66, 1364.13, 1298.42, 1334.0, 1306.17, 1039.66, 1079.61, 1250.57, 1327.6, 1193.29, 1199.88, 1394.75, 1435.62, 1266.09, 1308.5, 1242.62, 1282.01, 1162.12]","[14465.02, 6041.62, 5385.58, 9660.46, 6230.04, 2971.36, 4672.07, 5717.18, 5720.25, 5942.58, 5420.62, 4839.27, 4201.42, 4279.0, 4791.16, 3708.13, 5059.2, 4495.63, 5080.11, 3545.93, 4746.68, 5023.89, 4320.17, 6754.38, 4849.12, 4911.9, 4410.26, 4414.8]","[19878.91, 21129.89, 22365.25, 27885.8, 29558.87, 28173.25, 28684.55, 30293.97, 31907.55, 33085.02, 33972.44, 34090.43, 34163.94, 34308.47, 34568.96, 34138.82, 34223.95, 34614.25, 35561.17, 34983.66, 35599.49, 35896.8, 36068.45, 38710.59, 39457.23, 39622.85, 39899.24, 40987.77]"
en,4000,speaker_10,0.07894736842105263,0.06350025813113061,0.7617331147193909,"[550.11, 514.5, 592.37, 469.73, 557.56, 612.33, 615.23, 556.47, 598.68, 504.8, 574.87, 564.85, 574.78, 1192.44, 1418.83, 1171.66, 940.57, 785.45, 798.29, 878.51, 601.16, 628.07, 559.24, 607.06, 569.07, 558.92, 674.84, 649.01, 602.98, 492.04]","[1233.62, 1369.84, 1185.31, 909.35, 900.15, 1346.12, 1750.71, 1829.6, 1442.22, 1146.96, 1278.74, 1566.12, 1547.21, 1305.08, 1835.68, 2195.25, 1888.77, 1413.53, 1844.83, 1623.51, 1415.71, 1534.24, 1115.69, 1357.95, 1543.61, 1140.68, 1099.01, 1354.68, 1709.96, 1143.93]","[16554.09, 4682.42, 4009.57, 2927.54, 3250.95, 5505.66, 5221.12, 5679.76, 8645.81, 6894.04, 8826.09, 5985.54, 5072.18, 4573.25, 5107.94, 6380.91, 2942.22, 6739.7, 7304.27, 3804.49, 5391.31, 9817.43, 2567.12, 6351.26, 3726.21, 4123.96, 2615.58, 5033.95, 4818.71, 2742.25]","[22394.28, 23012.22, 22938.76, 21797.17, 20358.41, 21798.22, 22947.39, 24569.27, 29155.47, 31787.98, 36350.54, 38265.91, 39269.41, 39778.9, 40610.23, 42863.98, 41732.88, 44183.61, 47427.79, 47160.17, 48486.96, 54238.66, 52737.04, 55015.98, 54442.96, 54500.6, 53055.61, 53826.85, 54567.33, 55477.51]"
en,4500,speaker_1,0.11392405063291139,0.07757296466973887,0.674084484577179,"[611.61, 609.0, 594.06, 579.55, 616.5, 504.8, 564.58, 553.4, 808.27, 1354.36, 667.97, 913.12, 631.08, 621.87, 559.5, 536.93, 524.92, 518.01, 687.42, 635.99, 519.69, 608.12, 605.59, 1689.95]","[1229.02, 1295.44, 1383.4, 1550.26, 1402.7, 1142.75, 1221.45, 1093.4, 1088.72, 1635.74, 1340.57, 1444.65, 1323.83, 1519.77, 1471.6, 978.57, 893.95, 856.29, 1439.98, 1381.38, 1217.05, 1202.36, 1482.52, 1269.46]","[14862.54, 5313.91, 5035.87, 4509.16, 4194.66, 4174.9, 5805.57, 3681.84, 2981.95, 4587.57, 4319.61, 3871.73, 3426.64, 8633.04, 3525.53, 3004.68, 3465.72, 4042.9, 5910.75, 5513.74, 5109.54, 6191.41, 5220.63, 2483.11]","[20734.2, 21346.85, 21075.36, 20479.25, 19361.6, 18464.98, 18973.9, 17376.72, 15902.74, 15403.06, 14223.94, 12608.86, 10951.82, 14906.65, 13757.05, 12286.2, 11053.9, 10232.79, 11486.32, 12535.37, 12962.15, 14478.91, 15033.29, 15082.06]"
en,4500,speaker_2,0.06206896551724138,0.04356181934657271,0.8057568073272705,"[526.83, 583.53, 586.73, 510.13, 548.75, 583.39, 556.14, 611.29, 582.33, 612.11, 595.71, 588.89, 572.48, 501.85, 524.11, 575.48, 594.55, 570.39, 560.09, 506.43, 617.44, 539.21, 549.84, 512.09, 557.08, 442.38]","[830.1, 1107.53, 1249.38, 1184.2, 969.33, 944.65, 997.44, 1421.31, 1548.17, 1273.15, 1056.35, 1163.43, 1390.21, 1112.32, 1001.41, 1161.64, 1372.8, 1391.13, 1403.17, 1194.93, 1166.53, 1269.33, 977.41, 787.17, 1023.29, 1005.33]","[10343.56, 9095.47, 4304.82, 4101.13, 4396.12, 3514.76, 2739.22, 8023.71, 4124.27, 3678.78, 3064.06, 5177.61, 5026.57, 3630.41, 4049.42, 4881.3, 3810.05, 5236.25, 4836.02, 4260.84, 3758.39, 4258.17, 3520.44, 3014.38, 4844.21, 2232.75]","[14063.41, 18454.87, 18254.51, 17054.83, 16764.69, 15587.02, 13646.16, 16600.33, 16033.01, 15038.42, 13005.41, 13495.22, 13836.26, 12390.89, 11757.83, 11763.65, 11090.75, 11655.2, 11599.9, 10385.15, 9661.63, 9230.95, 8068.21, 6406.91, 6425.06, 6624.34]"
en,4500,speaker_3,0.12460063897763578,0.08779576587795766,0.7018626928329468,"[523.09, 927.83, 624.12, 549.8, 569.64, 549.63, 562.35, 648.72, 609.96, 626.47, 587.34, 549.88, 544.97, 548.1, 572.68, 634.66, 608.03, 553.55, 569.66, 643.5, 633.26, 516.91, 659.34, 604.67, 806.31]","[657.07, 1003.83, 1389.64, 1434.93, 1124.6, 1109.5, 1113.76, 1249.9, 1468.94, 1371.24, 1226.71, 1085.4, 834.48, 1107.49, 1220.86, 980.88, 1512.27, 1429.33, 1274.32, 1145.33, 970.1, 1054.52, 1158.23, 1362.36, 1433.98]","[6851.41, 3362.04, 8218.72, 3599.37, 2864.6, 8126.4, 3904.56, 10411.79, 5028.83, 4638.15, 3509.43, 3900.25, 2769.85, 4342.41, 4899.33, 2828.98, 5764.16, 5542.78, 3788.84, 3862.52, 4996.54, 3834.38, 4371.23, 5139.65, 4531.77]","[11620.56, 9666.67, 12368.74, 11082.5, 9262.98, 12890.37, 11493.71, 17222.95, 17565.9, 17530.29, 16140.31, 15343.63, 13643.47, 13108.97, 13316.48, 10652.09, 11537.48, 12404.1, 11322.26, 10107.42, 9620.62, 8776.89, 8472.17, 8919.57, 8770.5]"
en,4500,speaker_4,0.1268882175226586,0.07705008255365987,0.7577545046806335,"[661.88, 570.3, 573.15, 580.38, 594.23, 538.64, 542.36, 530.37, 575.91, 610.32, 513.38, 575.71, 638.38, 587.75, 602.94, 485.6, 596.69, 568.47, 634.6, 628.15, 581.2, 649.37, 532.94, 541.95, 548.49]","[822.19, 1125.16, 1246.92, 1308.45, 1404.11, 1370.34, 1232.94, 1365.38, 1456.29, 1580.99, 1345.36, 1062.12, 1308.91, 1485.79, 1399.31, 1117.49, 1117.4, 1392.14, 1436.94, 1317.17, 988.94, 1362.45, 1367.79, 1125.98, 1154.0]","[5990.1, 9247.73, 4220.62, 4842.35, 6027.16, 3627.26, 4339.0, 7421.15, 5362.88, 5161.17, 4060.31, 4014.74, 4461.62, 4475.27, 4663.3, 3469.28, 4305.06, 4776.42, 4365.48, 4281.67, 3571.12, 9422.71, 3159.65, 4478.63, 3187.47]","[10553.03, 15116.93, 14850.62, 14620.79, 16149.7, 15104.0, 14773.67, 17718.94, 18404.01, 18886.88, 18274.55, 17802.45, 17582.32, 17378.44, 17362.58, 16350.2, 15971.02, 16064.41, 15131.55, 14944.31, 13830.44, 18162.14, 16437.78, 16240.25, 15148.14]"
en,4500,speaker_5,0.10133333333333333,0.07064935064935066,0.7970095276832581,"[619.79, 620.99, 595.54, 545.37, 534.83, 544.31, 543.33, 624.81, 532.32, 573.27, 680.53, 613.15, 662.36, 609.3, 730.38, 604.62, 642.63, 638.76, 584.05, 540.43, 597.51, 625.94, 567.35, 635.51, 568.03]","[1038.56, 1557.49, 1463.07, 1295.04, 1213.09, 1115.29, 1058.51, 1315.2, 1131.67, 917.84, 1570.03, 1878.44, 1486.19, 1488.06, 1800.66, 1777.7, 1702.27, 1866.38, 1465.7, 1174.12, 1352.31, 1200.2, 1097.74, 1564.69, 1570.24]","[15414.53, 8183.61, 3543.84, 4557.63, 3987.8, 4455.49, 2791.23, 5640.78, 2994.55, 3872.46, 8534.02, 8266.89, 4080.15, 6048.05, 6615.51, 5275.73, 5483.33, 5591.39, 5407.27, 4643.66, 4757.86, 3404.93, 4097.31, 4848.17, 4912.25]","[19500.56, 22989.54, 21216.89, 21074.54, 20365.57, 20148.32, 18449.17, 19411.97, 17318.89, 16508.02, 19555.19, 23344.26, 21746.18, 22308.99, 24222.55, 24837.97, 25846.23, 26763.74, 27502.32, 27260.5, 27336.21, 25466.99, 24697.63, 24886.0, 25124.29]"
en,4500,speaker_6,0.0759493670886076,0.052231237322515216,0.7492398023605347,"[592.15, 585.67, 617.29, 609.44, 613.5, 584.63, 634.68, 563.36, 673.47, 595.51, 567.17, 545.35, 538.42, 654.18, 527.61, 592.38, 568.3, 568.31, 536.71, 682.97, 564.69, 562.89, 648.44, 652.66, 668.99, 641.42, 502.84]","[991.54, 1279.47, 1307.93, 1365.77, 1419.39, 1464.24, 1570.56, 1540.43, 1555.05, 1622.16, 1270.58, 1212.04, 1135.76, 1449.56, 1306.4, 1029.05, 1250.26, 1174.66, 1028.25, 1280.64, 1361.97, 1253.79, 1639.42, 1785.69, 1780.39, 1736.32, 928.32]","[12791.77, 4330.73, 7111.96, 6278.66, 6583.36, 5534.0, 5523.68, 4764.05, 6127.18, 5529.99, 3841.76, 3966.75, 3862.62, 8051.61, 2697.97, 5321.27, 5115.47, 4170.69, 4895.99, 5118.83, 4716.93, 4876.87, 6318.35, 5306.39, 5681.03, 3638.19, 2360.66]","[17571.04, 17203.14, 19606.01, 21182.65, 23293.88, 24140.25, 24969.05, 25258.41, 26708.2, 27548.54, 26719.84, 26217.87, 25414.34, 28790.22, 27002.61, 27585.65, 27988.07, 27425.98, 27790.24, 28155.76, 28119.98, 28443.71, 29621.07, 30387.84, 30680.11, 29570.59, 31111.33]"
en,4500,speaker_7,0.13005780346820808,0.0913677130044843,0.772402822971344,"[542.92, 641.15, 637.89, 520.2, 556.78, 529.86, 575.58, 486.74, 599.74, 673.96, 522.81, 564.43, 633.11, 615.59, 609.89, 597.04, 539.89, 521.69, 595.73, 605.52, 596.64, 583.62, 580.35, 582.39, 580.54, 599.6]","[1124.63, 1097.32, 1292.85, 1212.03, 1190.53, 1365.73, 1304.28, 1053.14, 1098.98, 1595.61, 1389.56, 1095.0, 1396.77, 1311.49, 1387.3, 1338.77, 1232.05, 1102.97, 1300.85, 1427.81, 1389.12, 1358.83, 1366.18, 1314.67, 1436.7, 1384.68]","[11625.38, 3635.45, 6712.12, 3041.56, 4381.34, 3665.57, 3973.61, 3005.11, 5910.84, 14464.72, 4020.62, 4841.08, 4641.47, 4462.06, 5858.12, 5095.97, 5387.24, 4056.77, 4051.16, 4749.8, 4542.57, 5574.75, 4361.4, 4465.52, 5362.59, 2568.67]","[15945.62, 14578.08, 16524.03, 14776.02, 14651.72, 13555.32, 12768.11, 11038.78, 12401.13, 21489.92, 20765.33, 20860.0, 20784.79, 20673.62, 21786.42, 22105.39, 22954.83, 22261.91, 21590.16, 21367.1, 21167.7, 22016.54, 21414.79, 21139.08, 21744.86, 19575.48]"
en,4500,speaker_8,0.08285714285714285,0.05263157894736842,0.820549488067627,"[656.66, 536.01, 612.62, 604.39, 535.27, 529.01, 519.31, 573.48, 667.48, 563.49, 547.9, 599.07, 571.02, 562.36, 565.64, 608.6, 577.02, 516.3, 599.38, 613.2, 580.44, 609.01, 621.05, 563.56, 534.61, 6559.79]","[1579.73, 1461.49, 1123.21, 1188.14, 1147.89, 1100.53, 1277.07, 1370.5, 1405.49, 1253.0, 1262.23, 1288.68, 1310.3, 1475.79, 1367.05, 1377.57, 1483.8, 1278.94, 1327.32, 1380.32, 1264.92, 1342.91, 1602.27, 1771.29, 1763.44, 1131.43]","[15729.95, 3873.38, 3436.94, 4184.64, 4304.7, 3892.79, 5154.98, 4797.6, 5923.0, 5028.61, 4550.91, 5120.49, 6099.95, 5827.11, 4083.18, 5891.02, 5173.62, 5299.74, 5009.09, 4962.32, 6646.42, 4732.29, 4645.9, 4880.54, 4413.69, 3103.69]","[20441.99, 19540.26, 18192.62, 17595.58, 17340.29, 16484.95, 16898.99, 17164.79, 18319.31, 18621.34, 18451.36, 19031.67, 20377.23, 21435.77, 20963.72, 22146.28, 22575.15, 23158.44, 23632.64, 23872.01, 25151.57, 25357.31, 25278.77, 25404.96, 24904.31, 27598.35]"
en,4500,speaker_9,0.07466666666666667,0.054164537557485945,0.7961852550506592,"[1044.53, 656.45, 695.34, 742.55, 595.81, 642.7, 712.13, 713.08, 654.14, 651.62, 577.82, 614.32, 617.88, 642.05, 704.58, 650.14, 633.85, 613.41, 617.31, 687.16, 580.94, 556.41, 665.58, 623.44, 594.98]","[1391.8, 1587.73, 1769.24, 1982.54, 1692.27, 1459.51, 1739.01, 1920.88, 1753.49, 1639.58, 1321.88, 1391.92, 1482.39, 1203.93, 1692.84, 1607.47, 1598.58, 1441.36, 1498.83, 1701.06, 1549.08, 1212.3, 1327.27, 1542.78, 1294.56]","[17210.67, 5319.83, 8793.68, 14496.8, 4669.59, 5729.91, 5972.89, 6447.65, 6816.63, 5717.64, 4929.15, 5857.69, 7301.55, 4016.7, 5781.62, 5788.05, 5748.19, 4799.7, 5876.93, 4872.3, 5153.04, 5062.07, 5678.19, 5365.32, 4823.79]","[22095.44, 22632.48, 26644.73, 36382.23, 36049.34, 36584.61, 37794.06, 39496.64, 41543.93, 42519.56, 42692.09, 43163.24, 45312.21, 44592.61, 45012.44, 46246.52, 47270.93, 47302.87, 48467.87, 48826.29, 49218.17, 49540.14, 49831.35, 50444.5, 51340.86]"
en,4500,speaker_10,0.11988304093567251,0.07847186370676304,0.744269073009491,"[591.4, 590.0, 611.01, 567.91, 586.11, 630.16, 609.99, 593.71, 539.07, 640.51, 611.49, 654.78, 591.64, 606.33, 610.3, 685.49, 639.01, 705.32, 625.89, 655.63, 706.03, 532.44, 589.15, 665.34, 587.61, 514.45]","[1611.23, 1226.22, 1093.59, 1186.73, 1199.21, 1380.22, 1732.84, 1607.28, 1214.12, 1327.31, 1643.07, 1607.25, 1546.52, 1713.14, 1545.12, 1497.24, 1784.46, 1695.81, 1600.18, 1370.59, 1633.44, 1365.77, 1093.15, 1299.65, 1401.72, 1241.57]","[19023.33, 3711.74, 5141.26, 4129.5, 4929.91, 5251.14, 6038.95, 5143.25, 4001.83, 6607.59, 6022.05, 5713.19, 6034.22, 7729.15, 3646.13, 6619.41, 5405.34, 7893.83, 5037.71, 5420.38, 6174.38, 4092.78, 4519.97, 4225.9, 5485.9, 4854.87]","[23942.33, 22867.28, 23459.04, 22806.91, 22981.83, 22825.37, 24323.55, 24689.53, 23538.02, 25599.65, 26870.63, 27416.27, 28311.12, 31308.09, 30234.81, 32338.69, 32992.51, 36150.33, 36666.7, 37319.34, 38779.96, 38179.3, 38156.77, 37635.53, 38373.24, 39081.12]"
en,5000,speaker_1,0.09282700421940929,0.059907834101382486,0.6847686171531677,"[879.33, 648.44, 614.82, 601.46, 590.33, 576.97, 531.46, 575.75, 534.51, 622.27, 542.31, 554.91, 636.6, 590.21, 606.3, 519.27, 588.07, 689.54, 567.68, 591.09, 664.29, 557.1]","[1318.16, 1515.11, 1583.88, 1554.92, 1368.93, 1254.16, 1191.14, 1094.39, 922.53, 1143.82, 1503.76, 1091.36, 1283.88, 1325.3, 1305.49, 1043.71, 970.51, 1722.71, 1604.78, 1315.14, 1415.73, 1265.22]","[17523.96, 5865.05, 5275.19, 4881.09, 4085.02, 4107.59, 2926.62, 3220.04, 2943.05, 4238.01, 3573.1, 3718.28, 4603.72, 4805.39, 4354.88, 3334.52, 3834.79, 12720.43, 6438.34, 5788.05, 6072.58, 3068.36]","[21731.22, 22403.82, 22484.69, 21755.4, 20231.57, 19231.63, 16815.75, 14901.3, 12469.96, 11344.8, 9785.23, 7291.61, 6524.56, 6721.28, 6267.61, 4898.4, 5394.47, 15134.04, 16422.47, 16816.32, 17680.1, 17636.11]"
en,5000,speaker_2,0.09310344827586207,0.0800768737988469,0.7997989058494568,"[584.75, 592.56, 623.48, 586.89, 598.18, 579.32, 657.68, 598.59, 589.31, 573.35, 643.48, 540.01, 555.27, 563.42, 595.1, 582.43, 607.85, 583.32, 2222.38, 618.59, 547.51, 567.12, 667.79, 540.17]","[837.46, 1202.42, 1375.45, 1168.78, 824.21, 1002.57, 1407.47, 1544.0, 1384.33, 1255.51, 1279.15, 1236.22, 1002.97, 1089.85, 1227.58, 1275.23, 1407.7, 1297.39, 1315.26, 1509.13, 1157.94, 952.65, 1513.09, 904.69]","[11220.59, 10371.03, 5162.96, 3750.12, 3585.12, 3641.41, 5185.07, 6267.17, 4978.06, 4516.76, 6478.6, 4611.91, 4716.16, 4363.2, 9403.26, 5993.72, 6134.77, 5088.62, 5513.61, 4884.64, 4004.63, 3045.3, 4690.51, 2500.79]","[16028.0, 21209.23, 20559.8, 19137.89, 17321.58, 15337.67, 15165.16, 15664.41, 15478.27, 14633.95, 15723.58, 14993.14, 14561.95, 13341.56, 17403.06, 18259.3, 19258.84, 18981.07, 19338.05, 19096.36, 17977.23, 15681.55, 14403.28, 16279.84]"
en,5000,speaker_3,0.1757188498402556,0.12391033623910336,0.6603795289993286,"[553.67, 507.1, 469.57, 564.71, 577.43, 605.49, 573.76, 664.47, 631.33, 543.69, 579.79, 573.22, 599.24, 656.76, 588.07, 586.0, 580.41, 553.44, 616.62, 608.96, 541.63, 605.01, 591.61]","[455.02, 671.3, 757.6, 1138.3, 1204.48, 1235.49, 1305.13, 1424.2, 1825.56, 1376.52, 1067.57, 881.87, 1339.29, 1664.83, 1393.11, 1474.83, 1502.49, 1155.15, 1230.77, 1231.3, 1082.16, 1348.5, 1483.75]","[5989.99, 2488.11, 2145.62, 6904.99, 3663.62, 11314.77, 4773.73, 10091.72, 6257.48, 3346.85, 3727.57, 4438.49, 5387.75, 5185.26, 5759.92, 5730.17, 6355.14, 5020.24, 5766.35, 4797.27, 3727.28, 5083.48, 4504.15]","[10392.49, 7475.54, 4451.68, 8608.88, 7094.29, 13218.03, 12629.36, 17515.04, 18179.71, 16386.87, 14541.2, 13833.01, 13464.08, 13099.3, 13274.57, 13874.77, 14895.57, 14123.79, 13906.7, 13554.23, 11918.64, 11846.29, 11619.45]"
en,5000,speaker_4,0.1027190332326284,0.06879471656576774,0.7639350891113281,"[662.63, 622.4, 637.47, 624.44, 575.24, 573.27, 556.7, 635.48, 621.5, 566.44, 528.01, 607.21, 607.43, 577.93, 577.48, 627.01, 571.35, 601.53, 500.59, 669.1, 522.45, 683.84, 538.81]","[1044.11, 1222.7, 1289.14, 1344.66, 1522.26, 1448.91, 1276.44, 1434.1, 1834.2, 1590.06, 1266.32, 1347.26, 1570.28, 1293.85, 1132.82, 1508.29, 1439.65, 1433.3, 1317.98, 1254.0, 1253.31, 1316.71, 1321.35]","[13980.64, 4521.85, 4494.73, 4559.93, 6741.47, 5581.26, 5037.83, 5918.44, 5887.37, 4147.93, 4350.22, 3789.79, 5266.74, 3925.57, 5405.24, 4761.11, 5136.26, 4952.78, 5008.04, 5014.35, 3802.33, 5703.9, 3241.44]","[17499.89, 16848.69, 16154.07, 15289.42, 16891.09, 17296.94, 17018.82, 17799.54, 18532.75, 17526.16, 16515.8, 15122.05, 15262.14, 13814.42, 14094.4, 13719.29, 13703.77, 13295.09, 13134.41, 12599.44, 11242.87, 11813.72, 11353.52]"
en,5000,speaker_5,0.07733333333333334,0.05922077922077922,0.8048591017723083,"[627.01, 651.47, 533.27, 636.27, 535.55, 604.75, 608.69, 620.11, 519.79, 602.11, 698.02, 567.79, 653.55, 708.22, 626.78, 624.16, 686.26, 566.5, 593.09, 542.37, 625.52, 608.85, 583.08]","[1039.86, 1605.2, 1288.73, 1047.19, 1235.91, 1079.43, 1311.91, 1409.99, 1387.35, 1540.51, 1860.94, 1561.74, 1430.06, 2056.49, 2110.7, 1817.55, 1840.31, 1600.89, 1430.79, 1372.7, 1429.47, 1583.46, 1618.87]","[15159.62, 14934.83, 2867.64, 4615.48, 4725.35, 4401.15, 4441.41, 5042.5, 4133.1, 7148.74, 7132.9, 5329.7, 6220.8, 6909.15, 5949.53, 5987.74, 6826.87, 4611.46, 4755.14, 3188.38, 4866.48, 5630.9, 4723.8]","[18716.84, 28467.84, 25921.98, 25341.53, 24927.6, 24176.81, 23216.61, 22466.31, 21233.54, 23041.16, 25016.62, 25171.99, 25661.73, 27022.84, 27820.22, 28443.82, 29527.32, 27938.24, 27504.83, 25102.95, 24836.29, 25347.03, 25075.61]"
en,5000,speaker_6,0.10632911392405063,0.06997971602434078,0.7549348473548889,"[627.51, 643.8, 615.33, 742.05, 562.08, 670.99, 646.51, 642.18, 597.56, 565.56, 570.42, 590.23, 615.09, 574.55, 526.25, 594.84, 542.27, 618.78, 549.95, 676.8, 668.35, 712.61, 650.31, 564.26]","[1124.47, 1345.46, 1400.11, 1606.03, 1549.52, 1879.29, 1919.57, 1595.8, 1540.92, 1375.1, 1318.26, 1408.13, 1536.36, 1578.24, 1549.05, 1533.98, 1353.28, 1469.65, 1581.38, 1536.9, 1804.03, 1779.37, 1769.59, 1340.8]","[13805.66, 6377.74, 4996.4, 6024.15, 6371.77, 8773.37, 5877.64, 5351.58, 6525.93, 4995.24, 4661.84, 6332.48, 5041.59, 6028.18, 4601.42, 4711.85, 5297.65, 5701.1, 4758.29, 4866.66, 5823.96, 4875.0, 4488.6, 3731.61]","[17704.68, 18899.3, 18701.62, 19330.95, 20337.06, 23749.31, 24480.15, 24685.54, 25868.19, 25741.04, 25236.67, 26411.64, 26084.88, 26949.27, 26399.54, 25753.38, 25914.04, 26481.2, 26116.23, 25614.62, 26283.98, 26000.06, 24904.27, 25529.75]"
en,5000,speaker_7,0.08092485549132948,0.05829596412556054,0.7632784247398376,"[557.97, 665.71, 635.08, 503.7, 564.86, 657.53, 531.77, 573.55, 757.15, 505.55, 560.75, 634.47, 668.53, 546.41, 647.47, 587.56, 597.22, 676.55, 625.63, 621.3, 630.84, 675.54, 641.84, 449.64]","[1134.12, 1313.64, 1492.18, 1209.49, 1223.49, 1603.08, 1217.56, 1138.01, 1679.65, 1436.49, 1122.43, 1413.53, 1791.27, 1420.31, 1263.3, 1349.47, 1157.31, 1281.37, 1429.99, 1352.8, 1179.74, 1515.26, 1789.71, 1056.05]","[10625.66, 5053.45, 7970.08, 3583.7, 4503.21, 5148.77, 3288.55, 4958.31, 12678.86, 3722.39, 5323.99, 4940.18, 6735.62, 4662.57, 5928.82, 4529.24, 4110.11, 4681.32, 5963.38, 4933.65, 4668.19, 6184.27, 4653.77, 2164.45]","[14217.18, 14081.95, 16618.2, 15012.33, 13935.59, 13742.06, 11871.49, 11668.62, 18543.35, 16925.06, 17088.39, 16845.12, 18227.47, 17729.15, 18488.7, 17890.59, 16628.84, 15759.88, 16555.05, 16309.79, 15815.91, 16631.9, 16143.72, 15841.2]"
en,5000,speaker_8,0.11714285714285715,0.09182530795072788,0.8292055726051331,"[648.43, 586.1, 576.94, 606.83, 622.73, 568.33, 597.43, 563.69, 549.51, 554.94, 581.36, 614.64, 574.98, 707.39, 639.34, 552.49, 716.09, 624.72, 547.73, 593.34, 528.69, 633.28, 498.6]","[1612.54, 1479.28, 1135.14, 1148.46, 1261.69, 1320.1, 1456.05, 1457.78, 1191.32, 1233.2, 1210.54, 1400.96, 1341.75, 1283.91, 1492.24, 1294.62, 1276.82, 1353.24, 1358.12, 1348.97, 1110.33, 1473.39, 1299.44]","[16364.31, 4857.12, 4370.71, 4201.95, 5188.96, 4502.25, 4295.03, 5282.28, 5108.2, 4873.69, 4613.67, 7405.13, 3549.98, 5395.27, 6167.58, 4989.31, 4074.12, 8870.98, 4425.96, 5179.92, 3311.22, 5199.75, 2613.85]","[19823.77, 19489.29, 18482.51, 17479.94, 17482.73, 16864.32, 15806.24, 15925.29, 15899.5, 15443.1, 14932.65, 17177.51, 15543.41, 15577.71, 15713.76, 15522.16, 14438.73, 17933.25, 17202.68, 17206.6, 15364.75, 15199.29, 15323.65]"
en,5000,speaker_9,0.06933333333333333,0.045477772100153295,0.8212785720825195,"[706.71, 633.43, 718.78, 643.27, 530.71, 650.66, 655.8, 741.57, 616.33, 583.51, 597.76, 598.12, 630.17, 593.15, 597.9, 652.64, 595.41, 651.63, 570.12, 559.95, 604.59, 565.81, 506.79]","[1213.33, 1796.38, 1806.23, 1962.74, 1541.03, 1526.34, 1842.72, 1896.35, 1833.09, 1393.79, 1165.25, 1263.58, 1424.64, 1058.98, 1498.8, 1602.05, 1359.0, 1472.5, 1632.02, 1295.84, 1205.17, 1501.07, 1216.06]","[15793.67, 4701.27, 13083.52, 6862.14, 4204.43, 5686.43, 5436.57, 6680.84, 5657.96, 4982.38, 4285.96, 5747.54, 4906.06, 5522.44, 5649.44, 6265.34, 3747.43, 6463.29, 4815.76, 4805.54, 4694.22, 5601.74, 4548.97]","[19341.53, 18854.92, 26546.18, 28235.43, 27247.28, 27796.45, 27838.27, 29318.19, 29014.21, 28836.62, 28012.87, 28611.17, 28151.0, 27898.04, 28389.13, 29510.8, 27909.46, 28840.67, 28519.36, 27965.14, 27272.87, 27534.95, 28782.97]"
en,5000,speaker_10,0.07602339181286549,0.05627258647392876,0.7763517498970032,"[633.29, 618.23, 575.5, 599.43, 568.14, 610.38, 609.08, 544.8, 626.93, 602.43, 602.41, 517.15, 575.2, 613.66, 638.23, 628.71, 655.35, 569.1, 638.33, 570.9, 577.2, 928.0, 596.17, 440.46]","[1891.42, 1633.63, 1212.18, 1256.42, 1469.6, 1875.95, 1843.21, 1537.56, 1598.01, 1961.92, 1829.24, 1594.25, 1655.77, 1655.04, 1762.18, 1763.34, 1698.27, 1520.14, 1729.6, 1637.09, 1482.09, 1408.04, 1629.17, 1191.74]","[19909.98, 4202.23, 3664.48, 4691.13, 4518.66, 5946.99, 5623.41, 4966.95, 5728.25, 6013.6, 5170.81, 4601.38, 5831.65, 4655.46, 8471.18, 5229.56, 5295.76, 5720.61, 8272.59, 4887.83, 4122.62, 4923.78, 5069.64, 2771.47]","[23961.97, 22751.2, 21031.79, 20345.99, 19660.52, 20466.26, 20722.33, 20334.03, 20895.19, 21744.0, 21563.28, 20988.02, 21457.83, 20762.46, 24058.0, 24154.42, 24126.28, 24685.39, 27832.89, 27366.55, 26320.73, 25720.6, 25644.25, 26141.0]"
en,5500,speaker_1,0.1350210970464135,0.07910906298003072,0.666327178478241,"[914.24, 656.01, 683.04, 651.29, 596.71, 576.82, 577.55, 556.45, 614.85, 555.0, 551.94, 643.92, 568.01, 552.59, 574.52, 578.74, 661.8, 570.5, 596.0, 604.41]","[1285.86, 1492.72, 1858.62, 1633.31, 1343.61, 1166.67, 606.74, 1024.88, 1218.39, 1464.83, 1098.78, 1308.98, 1399.58, 1214.96, 1235.36, 1323.88, 1653.2, 1564.65, 1328.41, 1303.74]","[18681.04, 5239.0, 9307.08, 6047.05, 3775.3, 3484.66, 3249.22, 2997.17, 4056.01, 3672.89, 2868.58, 4721.38, 2650.91, 4272.37, 4404.77, 4579.03, 6805.72, 6177.31, 5615.42, 3798.45]","[70303.57, 69739.93, 72616.3, 72638.04, 70173.55, 67847.44, 64427.07, 61611.9, 59865.06, 57922.34, 54981.54, 53907.51, 50764.68, 49251.73, 47893.22, 46474.37, 47518.57, 48147.5, 47977.2, 46437.8]"
en,5500,speaker_2,0.11379310344827587,0.08840486867392697,0.7900879979133606,"[3154.23, 635.65, 599.15, 543.24, 604.35, 594.95, 655.4, 606.63, 571.06, 619.36, 679.98, 546.02, 596.44, 637.37, 528.66, 587.8, 576.65, 670.0, 583.72, 545.67, 524.14]","[844.46, 1115.41, 1270.05, 1156.94, 999.75, 1347.09, 1424.67, 1435.27, 1238.71, 1257.53, 1507.07, 1320.75, 1139.5, 1362.56, 1303.94, 1151.31, 1195.15, 1164.0, 1448.69, 1222.5, 1096.8]","[10887.68, 11156.99, 5648.48, 3814.19, 5180.52, 4679.25, 5409.97, 5401.39, 4176.75, 5747.44, 6216.22, 4648.86, 3713.31, 9182.07, 3546.8, 4437.88, 4457.1, 5175.48, 3719.76, 3761.5, 3595.44]","[59036.39, 64404.58, 64259.0, 62048.34, 61615.58, 59863.15, 59049.4, 58646.33, 56815.46, 56969.65, 56562.52, 55639.13, 53559.78, 56975.53, 54791.26, 53670.95, 51720.22, 50479.85, 47608.09, 45615.8, 44278.43]"
en,5500,speaker_3,0.10543130990415335,0.0660024906600249,0.7392528653144836,"[603.68, 552.8, 512.55, 584.73, 643.98, 622.85, 678.89, 597.93, 599.32, 617.06, 662.56, 597.22, 682.64, 650.46, 619.39, 660.99, 624.09, 645.22, 593.99, 623.71, 631.62, 459.26]","[608.02, 1230.68, 1179.8, 1180.27, 1461.25, 1466.6, 1667.86, 1706.37, 1576.21, 1450.18, 1357.65, 1497.67, 1563.24, 1400.46, 1567.64, 1597.33, 1379.46, 1402.32, 1340.48, 1426.18, 1685.5, 661.27]","[6553.99, 6188.33, 3853.01, 3046.83, 14658.26, 5094.33, 9497.27, 6231.8, 5009.9, 3908.94, 5448.74, 5283.44, 5470.31, 4345.9, 6139.75, 5406.25, 4409.43, 5485.4, 4261.45, 4696.41, 5183.17, 1922.77]","[56234.71, 56819.22, 54449.96, 51689.96, 60102.85, 59584.07, 63253.3, 63709.08, 63113.3, 61003.2, 60692.06, 60154.59, 60039.42, 58579.09, 58285.48, 57903.29, 56574.98, 56255.15, 54157.38, 53086.3, 52470.87, 53986.93]"
en,5500,speaker_4,0.11178247734138973,0.0864061640066043,0.7688348293304443,"[630.06, 626.99, 589.43, 636.92, 601.68, 578.91, 598.25, 611.34, 640.18, 620.73, 691.63, 629.43, 576.38, 615.0, 583.4, 653.98, 595.57, 633.75, 543.23, 576.05, 540.29]","[1102.06, 1178.86, 1153.39, 1314.49, 1489.93, 1335.85, 1341.87, 1256.1, 1439.6, 1216.09, 1241.21, 1437.38, 1287.0, 1337.79, 1435.51, 1352.83, 1354.77, 1548.3, 1380.19, 1222.37, 1237.8]","[14592.91, 5079.82, 4908.32, 5951.21, 6218.03, 4992.83, 5167.95, 4259.82, 6528.46, 4453.6, 4246.09, 4658.95, 3613.76, 4088.65, 4565.87, 4100.63, 7635.86, 4899.65, 3157.52, 4164.92, 3008.06]","[74056.96, 73295.18, 71979.67, 72132.61, 72745.08, 71886.82, 71254.45, 69914.67, 70636.66, 69307.13, 67932.5, 66773.76, 64566.04, 63091.0, 61855.07, 60198.31, 62269.24, 60349.44, 57758.33, 56389.97, 56315.78]"
en,5500,speaker_5,0.058666666666666666,0.044675324675324674,0.7850250601768494,"[613.01, 703.66, 543.67, 576.48, 587.05, 603.94, 706.98, 540.96, 621.99, 777.03, 630.09, 613.84, 739.17, 692.9, 633.58, 687.65, 557.89, 670.55, 607.42, 608.59, 672.41, 463.94]","[1059.09, 1541.72, 1431.56, 1262.46, 1161.2, 1211.75, 1498.92, 1244.65, 1259.89, 1881.67, 1981.69, 1859.64, 2123.09, 2428.24, 2040.32, 1943.97, 1611.18, 1567.64, 1526.58, 1566.56, 1891.74, 1268.53]","[14765.78, 15990.43, 4331.74, 5617.4, 4563.78, 4574.89, 6480.44, 3938.51, 5360.61, 7075.26, 6207.54, 5251.46, 6374.43, 5420.02, 5370.28, 5159.78, 4053.29, 5571.6, 4305.45, 4475.51, 6502.02, 2131.74]","[76181.13, 85545.45, 84044.95, 83855.15, 82795.93, 81528.83, 82225.03, 80370.8, 80136.28, 81427.51, 81204.07, 80659.21, 81227.57, 81030.41, 80610.72, 79948.28, 78402.0, 77806.75, 76130.24, 74845.8, 75751.2, 77067.51]"
en,5500,speaker_6,0.0759493670886076,0.03701825557809331,0.7826431393623352,"[909.92, 603.39, 616.61, 706.45, 723.33, 705.61, 698.92, 739.22, 619.28, 579.97, 634.59, 713.07, 622.68, 596.7, 596.54, 629.54, 652.53, 636.63, 717.77, 711.1, 639.48, 528.48]","[1264.61, 1454.26, 1594.96, 1696.01, 1644.78, 1690.23, 1837.05, 1740.74, 1564.68, 1334.51, 1580.04, 1858.84, 1932.22, 1692.45, 1522.89, 1540.89, 1717.57, 1665.21, 1750.45, 1951.14, 1848.32, 1434.16]","[15331.56, 6638.67, 5495.76, 12441.66, 6111.06, 6187.99, 5181.67, 6859.51, 6203.05, 4089.87, 5439.36, 5103.92, 5469.82, 5588.85, 4026.98, 4555.57, 4802.23, 4400.74, 5941.54, 5793.88, 4852.1, 3452.69]","[67188.39, 68009.3, 67708.08, 74549.42, 74843.23, 75223.61, 74799.83, 75860.02, 76273.41, 74753.55, 74402.15, 73671.38, 72962.86, 72349.44, 70799.22, 69557.68, 68581.21, 67430.28, 67613.6, 67657.06, 66901.52, 67465.3]"
en,5500,speaker_7,0.12427745664739884,0.08912556053811659,0.773801863193512,"[587.49, 618.69, 578.65, 589.31, 578.75, 693.29, 557.54, 742.61, 564.2, 580.76, 657.42, 708.85, 600.87, 636.21, 567.12, 567.53, 549.66, 679.03, 698.08, 629.44, 630.71, 472.91]","[1244.93, 1386.57, 1258.52, 1389.6, 1252.92, 1377.33, 1315.96, 1746.74, 1523.09, 966.21, 1358.16, 1911.92, 1842.77, 1601.03, 1728.99, 1488.7, 1230.24, 1451.76, 1716.84, 1520.87, 1789.98, 1308.67]","[15411.21, 4727.37, 5046.59, 3833.89, 3966.63, 4638.74, 3417.13, 18496.78, 3298.88, 5025.39, 5199.81, 5944.29, 4812.8, 6020.58, 4315.8, 4204.17, 4568.95, 5698.98, 5137.64, 5276.17, 5344.86, 1966.76]","[66254.38, 65161.23, 64590.95, 62612.19, 60731.61, 59731.17, 57129.96, 69802.22, 67305.28, 66768.78, 66151.12, 66265.78, 65479.01, 65540.24, 64078.85, 62695.48, 61296.72, 61201.78, 60303.27, 59770.87, 59324.55, 58602.39]"
en,5500,speaker_8,0.054285714285714284,0.0341545352743561,0.8175913095474243,"[691.57, 600.67, 635.93, 571.19, 650.09, 606.71, 684.33, 635.31, 555.39, 645.51, 630.14, 628.9, 606.23, 593.48, 612.18, 589.53, 604.44, 608.26, 625.59, 657.03, 549.7]","[1580.35, 1494.22, 1444.11, 1228.01, 1172.83, 1299.44, 1599.83, 1525.72, 1410.95, 1569.66, 1429.7, 1690.25, 1611.78, 1513.14, 1467.34, 1382.17, 1345.07, 1614.45, 1717.58, 1781.08, 1393.25]","[16011.22, 4863.08, 4813.62, 5369.24, 4993.94, 5269.63, 13364.69, 4511.98, 5178.15, 5854.25, 5354.2, 4944.48, 4651.54, 4700.54, 5945.53, 4362.98, 5527.28, 4794.37, 5203.05, 5120.11, 3373.84]","[80677.75, 79728.24, 78292.61, 77860.01, 77053.3, 76725.68, 84284.02, 82800.86, 82180.22, 82241.77, 81975.6, 81112.38, 79956.59, 79039.83, 79202.43, 77812.47, 77778.1, 76801.21, 76235.71, 75765.85, 75637.39]"
en,5500,speaker_9,0.064,0.0516096065406234,0.7875880599021912,"[783.64, 772.13, 819.91, 643.88, 663.25, 697.2, 733.65, 670.95, 576.88, 1046.71, 677.83, 617.5, 670.37, 743.34, 592.12, 691.85, 644.77, 663.17, 702.58, 752.83, 450.51]","[1394.64, 1851.32, 2002.07, 1951.75, 1827.06, 2098.97, 1938.02, 1915.45, 1488.54, 1258.85, 1651.74, 1677.28, 1550.34, 1585.32, 1501.99, 1567.81, 1704.63, 1560.9, 1519.69, 1828.74, 1123.6]","[21514.36, 5715.24, 19299.85, 5704.4, 7038.27, 8385.78, 8709.12, 7367.27, 6474.68, 4799.11, 8324.62, 5688.31, 5552.13, 6210.07, 4415.02, 6385.99, 5334.91, 5836.37, 5710.09, 7981.93, 1968.56]","[38811.71, 38105.68, 51794.68, 51093.18, 52533.68, 54883.66, 56975.91, 58563.18, 59256.14, 58271.91, 60765.48, 60646.11, 60257.33, 60702.56, 59358.02, 59740.24, 59309.9, 58942.5, 58866.41, 60494.41, 62043.54]"
en,5500,speaker_10,0.0847953216374269,0.06814661848218895,0.7582573294639587,"[563.61, 599.12, 547.41, 2712.26, 605.4, 630.31, 638.32, 625.91, 699.24, 675.24, 579.32, 558.42, 693.38, 699.66, 716.45, 627.02, 559.11, 652.38, 604.03, 602.89, 651.88, 473.42]","[1851.71, 1670.73, 1245.4, 1112.37, 1454.55, 1852.85, 1742.73, 1618.01, 1624.07, 1641.99, 1545.53, 1506.4, 1686.59, 1913.48, 1819.52, 1875.85, 1561.07, 1508.94, 1577.84, 1252.27, 1650.35, 1394.9]","[19498.89, 5084.92, 3861.11, 4120.14, 5709.28, 6026.43, 6026.18, 5214.36, 4348.13, 6489.06, 5532.21, 6293.4, 6443.37, 11201.65, 6719.35, 8469.64, 4327.87, 5998.36, 5335.25, 3442.83, 6952.31, 2893.09]","[23049.39, 21535.31, 19806.8, 18123.48, 18042.2, 18506.8, 18782.45, 18240.74, 16995.4, 17687.55, 17450.81, 17953.68, 18644.75, 24063.86, 25017.63, 27928.11, 26476.3, 26670.49, 25817.58, 23684.71, 24853.9, 25672.25]"
en,6000,speaker_1,0.1350210970464135,0.06835637480798772,0.65336674451828,"[670.09, 658.53, 651.63, 605.86, 607.42, 538.37, 573.4, 611.67, 588.6, 562.29, 646.03, 610.41, 558.79, 525.1, 654.74, 634.06, 651.13, 671.74, 466.02]","[1535.94, 1683.87, 1757.89, 1578.49, 1354.14, 1159.21, 1054.33, 1228.53, 1348.12, 1277.88, 1407.13, 1554.38, 1346.24, 1119.22, 1384.28, 1603.0, 1528.57, 1543.7, 987.69]","[20259.98, 5307.16, 5610.46, 3837.78, 3372.29, 2619.45, 3284.65, 3267.86, 3225.74, 3186.23, 4533.79, 4730.86, 3957.99, 3976.54, 5183.24, 7545.86, 6268.98, 4519.07, 2061.3]","[251725.89, 250823.65, 249533.42, 246500.12, 243629.25, 240015.42, 236855.16, 233886.39, 230878.7, 227435.65, 225724.48, 223993.0, 221507.44, 219059.06, 218003.44, 218706.81, 218731.47, 217009.55, 217405.41]"
en,6000,speaker_2,0.06206896551724138,0.05509288917360666,0.8096023201942444,"[918.35, 657.96, 602.87, 556.06, 624.22, 623.55, 541.56, 660.96, 676.28, 628.01, 566.68, 563.49, 671.96, 675.86, 603.59, 598.63, 590.21, 573.5, 563.68, 480.03]","[950.98, 1373.31, 1411.45, 1162.1, 1037.9, 1402.68, 1457.6, 1336.88, 1500.86, 1512.5, 1340.88, 1019.41, 1304.29, 1265.15, 1490.78, 1721.57, 1456.94, 1234.09, 1133.26, 874.37]","[14701.23, 8161.97, 5836.77, 4065.38, 3933.44, 5078.27, 5639.05, 4930.66, 8568.01, 5768.01, 3949.1, 4424.1, 6921.32, 5297.97, 5763.28, 5177.7, 3264.67, 3443.71, 3768.69, 2363.57]","[86245.39, 88163.02, 87785.04, 85617.22, 83317.04, 81552.36, 81000.18, 79725.77, 81233.1, 80768.01, 78479.38, 76067.85, 76783.92, 75850.88, 74595.95, 73569.36, 70056.72, 67148.14, 64476.95, 64778.17]"
en,6000,speaker_3,0.12779552715654952,0.07160647571606475,0.6929306387901306,"[609.39, 642.19, 581.05, 602.13, 684.68, 682.55, 682.72, 658.19, 607.79, 585.55, 652.56, 701.88, 631.03, 620.69, 602.86, 686.94, 565.77, 640.53, 643.98, 520.38]","[620.57, 1213.26, 1337.63, 1463.02, 1506.1, 1746.9, 1845.46, 1662.68, 1317.29, 1169.64, 1299.01, 1566.19, 1641.91, 1698.94, 1526.22, 1611.17, 1259.53, 1477.47, 2071.82, 1285.49]","[5848.47, 5210.95, 8258.01, 4008.67, 11282.11, 9014.42, 6693.56, 5889.16, 2971.15, 4455.36, 6072.19, 5967.74, 6744.01, 6565.29, 5337.63, 7312.76, 3693.93, 5475.78, 5655.52, 2508.82]","[7672.32, 7067.14, 10177.09, 7768.3, 13473.25, 16273.43, 16536.58, 16015.21, 12770.03, 11040.93, 10704.93, 10095.17, 10675.9, 11063.2, 9614.41, 9912.44, 7217.12, 7594.44, 8372.33, 9438.7]"
en,6000,speaker_4,0.09063444108761329,0.053384700055035775,0.795135498046875,"[640.51, 641.83, 622.36, 668.53, 609.72, 582.79, 661.44, 3075.75, 559.2, 621.03, 639.68, 571.52, 594.78, 707.6, 613.51, 702.68, 561.6, 619.93, 547.42]","[835.39, 1447.22, 1457.35, 1657.3, 1926.42, 1689.96, 1775.67, 1806.68, 1560.57, 1649.93, 1905.25, 1623.76, 1557.78, 1737.63, 1641.23, 1505.77, 1426.02, 1308.15, 1408.98]","[9657.64, 11354.66, 5031.33, 9709.06, 6138.59, 6239.27, 6456.37, 6511.61, 5352.52, 5462.63, 6101.31, 5558.74, 5800.53, 5176.78, 5342.65, 6256.1, 4004.2, 6588.89, 3148.55]","[12079.38, 17194.05, 15603.25, 18278.18, 17804.02, 17853.48, 18097.65, 17825.08, 16989.08, 15886.54, 15813.6, 15165.33, 14815.34, 12947.32, 12086.38, 12140.42, 9986.38, 10196.65, 9842.44]"
en,6000,speaker_5,0.064,0.04831168831168831,0.8115436434745789,"[620.06, 756.28, 597.82, 572.42, 588.57, 655.87, 578.81, 668.15, 690.44, 631.45, 685.32, 823.11, 711.47, 725.56, 598.18, 672.71, 667.56, 661.54, 756.91, 541.72]","[1099.93, 1730.11, 1699.67, 1337.66, 1304.49, 1526.27, 1398.42, 1508.16, 1915.9, 1943.92, 2120.6, 2743.99, 2390.86, 2094.08, 1689.98, 1316.07, 1849.54, 1754.22, 2117.57, 1575.81]","[15494.34, 10377.86, 4607.61, 4907.18, 5088.6, 5665.49, 4917.8, 6068.95, 6135.27, 11574.55, 5894.2, 16088.94, 7239.96, 7635.71, 4857.54, 4619.02, 5285.88, 4501.59, 7573.34, 3087.76]","[18016.23, 22159.89, 20208.58, 18804.53, 17777.69, 17345.0, 15571.88, 15329.02, 15367.99, 20836.83, 19792.41, 29357.88, 30485.46, 32009.7, 30356.22, 28849.89, 27604.71, 25806.2, 27281.05, 28537.43]"
en,6000,speaker_6,0.06835443037974684,0.04614604462474645,0.7867079377174377,"[673.17, 4490.49, 628.06, 632.93, 805.04, 703.91, 680.76, 627.03, 600.63, 663.99, 707.01, 621.69, 619.72, 588.96, 729.66, 715.95, 735.72, 678.39, 748.18, 538.36]","[1573.73, 2103.3, 2017.86, 1752.77, 2263.83, 2321.27, 2007.15, 1769.74, 1427.42, 1594.8, 1829.74, 1871.22, 1687.43, 1401.56, 1469.4, 2012.33, 2156.5, 2098.24, 1857.52, 1548.39]","[23159.88, 10658.27, 6128.76, 6279.76, 7242.63, 6690.09, 7315.33, 6657.03, 5016.3, 7014.58, 5008.5, 7291.35, 6585.02, 5814.99, 6898.07, 6445.21, 7946.05, 6957.46, 4553.14, 3840.59]","[26040.39, 30562.92, 30567.76, 30111.82, 31233.75, 31237.38, 32452.23, 33011.49, 31909.69, 32624.88, 31525.51, 32715.98, 33205.75, 32089.48, 32075.74, 32427.58, 34263.16, 35111.15, 33356.3, 34557.93]"
en,6000,speaker_7,0.09826589595375723,0.07174887892376682,0.7428069710731506,"[617.82, 657.94, 541.01, 632.97, 704.94, 539.67, 675.47, 635.5, 559.17, 633.68, 643.5, 667.57, 632.42, 580.35, 644.58, 637.14, 622.64, 653.89, 695.36, 528.35]","[1565.28, 1664.62, 1419.12, 1557.24, 1754.02, 1430.01, 1654.39, 1993.58, 1543.95, 1616.6, 1898.38, 1815.93, 1637.52, 1531.31, 1401.44, 1629.79, 1602.74, 1631.54, 1729.55, 1342.05]","[18285.89, 5723.28, 4166.65, 5116.7, 9402.78, 3799.96, 6204.72, 6492.86, 5254.16, 6500.48, 6565.72, 6518.37, 6049.48, 4473.41, 5418.17, 6056.5, 5829.49, 6403.53, 5527.07, 2960.41]","[21163.0, 20660.16, 18179.51, 17060.14, 20057.11, 17682.77, 17691.47, 17976.28, 16618.86, 16904.98, 17089.39, 17406.74, 17288.94, 15593.6, 14610.74, 14515.99, 14110.23, 13934.71, 13269.24, 11921.94]"
en,6000,speaker_8,0.1,0.07446808510638298,0.8329861760139465,"[701.94, 664.49, 624.89, 579.5, 581.41, 615.02, 768.44, 684.13, 636.71, 618.78, 564.55, 694.57, 582.35, 686.02, 603.16, 609.06, 675.18, 686.08, 684.57]","[1796.13, 1613.85, 1372.85, 1446.4, 1245.17, 1513.12, 1857.5, 1828.74, 1596.51, 1672.35, 1701.55, 1532.37, 1502.59, 1681.48, 1734.08, 1526.07, 1735.23, 1969.81, 1715.57]","[17435.98, 4227.13, 5180.44, 5100.95, 4028.47, 5578.97, 14228.91, 6529.88, 6154.64, 7270.31, 6559.44, 6106.79, 6268.97, 9330.17, 6134.66, 5887.38, 6936.05, 5534.55, 6636.81]","[20727.89, 18747.92, 17696.38, 16351.98, 14210.73, 13622.21, 21725.81, 21863.4, 21811.86, 22838.24, 23202.47, 22922.65, 23028.22, 25980.01, 25734.48, 25441.33, 26186.71, 25513.58, 26184.22]"
en,6000,speaker_9,0.10133333333333333,0.06387327542156362,0.7788406610488892,"[785.82, 784.0, 784.12, 663.31, 722.91, 714.19, 761.0, 650.77, 769.94, 697.3, 671.6, 666.29, 691.89, 673.3, 676.55, 623.42, 633.69, 675.29, 609.69]","[1416.36, 1958.33, 2212.42, 2019.92, 2021.99, 2343.41, 1987.05, 1738.14, 1405.63, 1518.34, 1626.3, 1363.48, 1736.47, 1851.66, 1681.4, 1753.38, 1718.03, 1645.75, 1588.75]","[19928.43, 6059.72, 21221.12, 5431.76, 7797.83, 7770.2, 8463.04, 6182.84, 5310.1, 7370.41, 5056.43, 5678.8, 6651.72, 5720.93, 6238.93, 5367.51, 5922.43, 6397.61, 6408.8]","[22515.43, 22347.58, 37132.18, 35696.34, 37261.56, 38624.59, 40908.67, 40872.58, 39994.51, 41004.75, 39891.37, 39164.69, 39642.82, 38996.03, 38399.95, 37605.39, 37352.18, 37339.23, 37988.06]"
en,6000,speaker_10,0.06140350877192982,0.05110996386164171,0.7798556089401245,"[649.81, 591.16, 567.9, 633.23, 649.52, 579.93, 609.99, 1057.66, 691.63, 615.94, 554.2, 716.03, 677.09, 671.15, 646.34, 677.97, 605.58, 680.35, 626.86, 469.73]","[2029.83, 1838.12, 1348.62, 1516.38, 2001.43, 1852.33, 1650.02, 1786.73, 1997.68, 1859.33, 1634.89, 1879.61, 2391.67, 2071.79, 1826.31, 1699.83, 1545.0, 1690.17, 2046.36, 1303.45]","[21264.17, 4946.75, 4958.08, 5901.53, 7556.87, 5632.48, 5776.98, 6650.04, 8363.56, 6913.96, 5583.77, 12355.11, 6627.83, 8145.64, 7466.97, 6127.99, 5566.13, 6284.51, 5495.58, 2518.52]","[24873.3, 22978.35, 21475.47, 20967.72, 22337.37, 21375.1, 20982.89, 20641.23, 22779.89, 22889.09, 22260.78, 28013.23, 28468.81, 30211.96, 31508.98, 31431.08, 30779.05, 30270.49, 29604.3, 30875.98]"
